"Though the rate of corona virus infection in Bangladesh has decreased a lot, it has started to rise again for the last few days."
"আপনাদের ব্যক্তিগত মতামতকে আমরা সম্মান করি। তবে কারো মতামত বা মন্তব্য যদি কারো প্রতি ঘৃণা,অপমান বা আক্রমণাত্মক বা গালিগালাজ হয় সেটা আমরা সমর্থন করি না। দেখা যাচ্ছে অনেকেই অশালীন বা আক্রমণাত্মক মন্তব্য করছেন যা আমরা ডিলিট করছি, অনেককে ব্যান করতে বাধ্য হ… See more"
"লকডাউন দাও, কোন প্রবলেম নাই।"
"দেশের সবকিছুতো লুট করা শেষ দিছ, এখন রিজাব লুটের চিন্তা করতাছো তোমরা..........কে বা যানে সত্য ঘটনা, রিজার্ভ কাজে লাগানোর নামে আগেই লুটায়ে শেষ করেছ নাকি??… See more"
"লকডাউন থাকাকালীন, শনাক্ত ও মৃত্যু কমেনি। লকডাউন উঠার পর,শনাক্ত ও মৃত্যুর সংখ্যা বাড়েনি। বরং ধীরে ধীরে, মহান আল্লাহ পাকের রহমতে কমেছে।"
"লকডাউন নামক ভুয়া থিওরী,জনগণ মানবে না।"
"লকডাউন নামক, ভুয়া থিওরী, ছাত্র সমাজ, দিনমজুর, বেসরকারি চাকুরীজীবি। সবাই ক্ষতিগ্রস্ত, লকডাউন এর বিরুদ্ধে সরব হন।"
"আমি মনে করি বাংলাদেশে লকডাউনের পাশাপাশি স্বাস্থ্য সচেতনতা বাড়ানো খুবই জরুরী। যে ব্যক্তি স্বাস্থ্যবিধি মানবে না, তাকে মোটা অংকের জরিমানা করা করা হোক। তাহলে সরকারের আয় বাড়বে এবং শাস্তিও হবে।"
করোনার ১ম দফা লকডাউনে স্বাস্থ্যের লুটের ব্যবসা ভালই হয়েছিল।
আরেকদফা লুটতে দ্বিতীয় দফায় লকডাউন চায় স্বাস্থ্য অধিদফতর।
"দেশে চলছে নিরব দুর্ভিক্ষ।এটা দেখার কেউ নাই।আমরা মধ্যবিত্তরা কিভাবে চলতেছি সে আল্লাহই ভালো জানেন। ভাই দয়া করে করোনা ভাইরাস সব মধ্যবিত্তের ঘরে পাঠিয়ে দেন। আমরা মরে যাই সেটাই ভালো। কারন,ধনিদের ঋন আছে,গরিবের সরকার আছে,আমাদের শুধু আল্লাহ আছে।তাই … See more"
বাংলাদেশে লকডাউন এর কোন প্রয়োজন নাই। কারন পূর্বে লকডাউন দিয়ে কোন উপকার হয়নি বরং মানুষের কষ্ট বেরেছে এবং সরকারের গডাউন খালি হয়েছে। সাহায্য বিতরনের নামে হরিলুট হয়েছে বিভিন্ন ভাবে। তাই সবাই স্বাস্হ্য সচেতন হন নিজে ভাল তাকেন অন্যকেও ভাল রাকেন।আল্লাহ হেফাজ… See more
"লকডাউন দিলে সরকাররে বইলেন সবার খাওয়ার মতো বাজার গুলো করে দেই।।আর চালের দাম যাতে কমাই।।আজাইরা যত সব লকডাউন লকডাউন করেন মানুষের ভাত খাইতে কষ্ট লকডাউন দিয়া মানুষরে আরো ভাতে মারার চিন্তা
মানুষ লকডাউন এ কেমনে চলছে এটা যদি মন্ত্রীরা বুঝতো তাহলে আর সাধারন … See more"
বাবার জন্মদিন পালনের সময় যারা লকডাউন এর ষড়যন্ত্র সুপারিশ করেছে তারা দেশদ্রোহী।
"প্রধানমন্ত্রী শেখ হাসিনা এক বছরেরও বেশি সময় ধরে লকডাউনে আছেন, এবং আমার ধারনা ১৬ কোটি মানুষের লকডাউন উনি একাই নিজ কাধে গ্রহণ করে নিয়েছেন! আমাদের লকডাউনেনর প্রয়োজন নেই"
"লকডাউন নয়, বরং ★মাস্ক পরা, ★★হাত ধোয়া, ★★★দূরত্ব বজায় রাখা - এ ৩টি বিষয় সামরিক আইনের মতো কঠোরভাবে বাস্তবায়ন করুন। শুভ কামনা
সকলের প্রতি..."
ভাইরাস বেশ চালাক। শিক্ষা প্রতিষ্ঠান খোলার কথা বললেই আক্রমন করে।
"হাট-বাজার, কল-কারখানা, অফিস-আদালত, পর্যটন স্পট, নির্বাচনী সভা ও নির্বাচন কোনটাতেই সমস্যা নেই, সমস্যা শুধু শিক্ষা প্রতিষ্ঠানে।"
অ… See more
"লক ডাউন না দিলে করোনায় মরবে, আর লক ডাউন দিলে না খেয়ে মরবে। এর চেয়ে যেভাবে আছে সেভাবেই ভালো।"
আর লকডাউন দিলে সবার ভরন পোষনের ব্যবস্থা করে তবেই দেয়া হোক।
সবাই তো আর সরকারি চাকরি করে না বাংলাদেশে যে ঘরে বসে ছুটি কাটাবে।।… See more
সামনে রমজানকে টার্গেট করে মিডিয়ার প্রোপাগান্ডা কেউ কানে না দেই ৷
"সাধারণ মানুষ করোনা নিয়ে যতটা আতঙ্কিত, তারচেয়ে বেশি আতঙ্কিত দ্রব্যমূল্যে নিয়ে। ক্ষুধার যন্ত্রণা করোনার যন্ত্রণার চেয়ে কোন অংশে কম নয়।"
"রমজান সমাগত এই মুহূর্তে নিত্যপ্রয়োজনীয় পণ্যের দাম কমানো ছিল সরকারের কর্তব্য, উল্টা চাল ডাল তেলসহ সব ধরণের দ্রব্যমূ… See more"
এটি আগামী ২৬ তারিখের পর সরকার বলবেন এখন উনারা জন্মদিন ও সূর্বণ জয়ন্তী নিয়ে ব্যস্ত। এতে শত শত মারা গেলেও কোন সমস্যা নেই।তারা এখন উৎসবে বিভোর...
বঙ্গবন্ধুর নাম নিয়ে সব খুলে দিন। তাহলে কিছু হবে না।
যেমনঃ
*শেখ মুজিব স্কুল খুলাখুলি।… See more
এই দেশে অলরেডি দুর্ভিক্ষ দেখা দিয়েছে। আবার লকডাউন দিলে দেশের মানুষ আর তা মেনে নিবে না।
"মানুষের পেঠে ভাত নাই, দ্রব্য মূল্যের উধর্বগতি, বেকারত্ব, শিক্ষা চিকিতসা খাতে নাজুক অবস্থা! লগডাউন দিলে কি না দিলে বা কি?"
সংক্রমণ নাকি মোদিকে আক্রমণ ঠেকাতে দেশে লকডাউনে চায়?
"লকডাউনের দরকার নাই। অনেকের চাকুরী চলে গেছে, বেতন কমে গেছে, increment বন্ধ হয়ে গেছে। কিন্তু নিত্য প্রয়োজনীয় সব কিছুর মুল
‍
্য বেরে গেছে। অভাবে না খেয়ে কস্ট পাওয়ার চেয়ে করোনা আক্রান্ত হয়ে মরে যাওয়াই ভাল।"
আমরা লক ডাউন চাই না।স্বাস্থ্যবিধী কঠোর ভাবে নিয়ন্ত্রণ করা হোক।
মাস্ক বাধ্যতামূলক করা হোক।
"দ্রব্যমূল্য র যে বাড়তি দাম, লক ডাউনের মত আত্নগাতী সিদ্ধান্ত নিলে জনগণ না খেয়ে মরবে"
যারা লকডাউন চায় তাদের হো*গায় প্রচুর কারেন্ট!!
"লোডশেডিং হলে এদের হো""গায় তার লাগিয়ে বাতি জ্বালানো দরকার।"
"স্বাস্থ্য অধিদপ্তরের সুপারিশ অমান্য করেই ৪১ তম বিসিএস পরীক্ষা নিতে যাচ্ছে পিএসসি।পিএসসিকে বিবিসির মাধ্যমে অনুরোধ জানাতে চাই ১৯ পরীক্ষা না নিলে যে ক্ষতি মবে ভাবছেন তার থেকে কয়েকগুণ ক্ষতি হবে পরীক্ষা নিলে।করোনা কোনো দুর্যোগ নয়,সংক্রামক।তাই পরীক্ষা পেছান… See more"
"অনেক কষ্টের মধ্যে আছে মধ্যবিত্ত ও নিম্ন আয়ের মানুষ জন । চাউল ৬০ টাকা কেজি, তেল ১৪০ টাকা লি: ডাল, মাছ , মাংস , দুধ, ডিম এর দাম ক্রেতাদের নাগালের বাইরে।এই অবস্থায় লকডাউন দিলে মানুষজন বাঁচবে কিভাবে।"
চাউল ৭০/-
ডাল ১৪০/-
তেল ১৪০/-… See more
মধ্যবিত্ত পেটে ইট বাধা শুরু করছে। লকডাউন নাটক হতে বিশ্বকে বের করা উচিত। মানসিক শক্তিই হোক করোনার কার্যকরী ভ্যাকসিন।
"স্বাস্থ্য অধিদপ্তরের কর্মকর্তাদের পূর্বে লুটপাট করা টাকা শেষ হয়ে গিয়েছে।তাই আবার লকডাউন এর মাধ্যমে পকেট ভারি করার পাঁয়তারা করছে। যে মন্ত্রণালয়ের মন্ত্রী একজন দুর্নীতিবাজ, নিজের ছেলেকে দিয়ে টেন্ডারবাজি করে তার কর্মকর্তারা তো এমনই হবে।"
লক ডাউন না দিয়ে চলা ফেরা সীমাবদ্ধ করলেই ভালো হয়। অর্থনীতি সচল থাকবে করোনাও নিয়ন্ত্রণে আসবে।
আগামি ২০২৫ পর্যন্ত লকডাউন দিয়ে দিলে সরকার বিরোধী কোন আন্দোলন হবার সম্ভাবনা থাকবে না
করোনার চেয়ে ৩৬ গুণ বেশি মৃত্যু হৃদ্‌রোগে!
এ ছাড়া করোনার চেয়ে দ্বিগুণ মারা গেছে আত্মহত্যায়।
হাদিস শরিফে আছে ছোঁয়াচে কোন রোগ নেই
"হ্যাঁ, শিক্ষা প্রতিষ্ঠান খোলার তারিখ কাছাকাছি এসে গেছে এজন্য করোনাও বেড়ে গেছে"
"এদের কথামতো ২০ লাখ মানুষ মারা যায় নাই, তাই ওরাও খুশি হতে পারে নাই। এবার লকডাউন দিলে অনাহারে, দুর্ভিক্ষে অন্তত এদের চাহিদা মত মানুষের মৃত্যু নিশ্চিত করতে পারবে, তাই আবার এই নাটক শুরু করেছে। আসলে এই পৃথিবীটা সব বড়ো লোকদের, গরিবদের নয়।"
"লকডাউন বাদে যা যা পদক্ষেপ নেয়া দরকার তাই যেন নেয়,,, এই লকডাউন মানুষকে নিঃস করে ছাড়ে তার প্রমান গত তিন মাসের লকলাউন,,তাই দয়া করে লকডাউন দিবেন না।"
- করোনা একটি বুদ্ধিমান ভাইরাস
- স্কুল খোলার কথা শুনলেই আক্রমণ শুরু করে
এবার লকডাউন আর শিক্ষা প্রতিষ্ঠান না খুললে আত্মহত্যা বেড়ে যাবে অনেক শিক্ষার্থীদের ।। জীবন কোথায় নিয়ে যাচ্ছে! হতাশা বেরেই চলেছে ।।
"বাঙালি সোজা কথার মানুষ না। লক ডাউন ডেফিনেটলি দেওয়া উচিৎ আবার। একটু ছাড় পেয়েছে আর আনন্দে ট্যুর দিতে লেগেছে। একটা দেড়টা বছর তাদের একটু অপ্রয়োজনে বাইরে না গেলেই নয়। বিয়া খাও ধুম ধাম, হুদাই ঘুরে বেড়াও। এদিকে করোনা দিলো আবার ছোবল।"
"কুরআনের বাগান হিফজুল কোরআন বিভাগ ও মাদ্রাসা গুলো খুলে দেয়ার কারণে, আলেম উলামা ও ছাত্রদের গভীর রাতে আল্লাহর দরবারে রোনাজারির বদৌলতে আল্লাহ আমাদের দেশে করোনা পরিস্থিতি অনেকটা নিয়ন্ত্রণে রেখেছেন। ( আলহামদুলিল্লাহ বাংলাদেশের লক্ষাধিক মাদ্রাসার একজন ছাত্… See more"
"মনে হয় চেয়ারম্যান আর মেম্বারদের চাউল,ডাউল আর তেল শেষ তা কোনক্রমে স্বাস্থ্য অধিদফতর জানতে পেরেছে।"
বেতন বন্ধ করে দিলে আর বাপের জন্মে বলবেনা
আমাদের দেশে কোনরকম লকডাউনের প্রয়োজন নাই। স্বাস্থ্যবিধী মানার উপর জোর দিলেই চলবে।
আবার লকডাউন দিলে প্রতিটি পরিবারের ভোটার আইডি কার্ডের মাধ্যমে ক্ষতি পুরন দেয়া হোক তা না হলে মানুষ কি হাওয়া খেয়ে বাচবে?
প্রথমে স্বাস্হ অধিদপ্তর কর্মকর্তাদের জুতা দিয়ে ভাল করে পিটানো দরকার।
করোনা অতি চালাক যেই না শুনেছে স্কুল কলেজ খুলবে অমনি সংক্রমনের মাত্রা বাড়িয়ে দিয়েছে।আরো কতো ভেলকিবাজি দেখা বাকী আছে আল্লাহ জানে।
আমার মনে হয় স্বাস্থ অধিদপ্তর কোন প্রকারের পরীক্ষানিরীক্ষা ছাড়া মন গড়া সিদ্ধান্তে পৌঁছেছেন। বিগত দিনের লকডাউন এর সুফল এবং কুফল এর সমীক্ষা করলে এমন সিদ্ধান্তে যাবার আগে কয়েকশতবার ভাবতেন। স্বাস্থের সাথে এ দেশের মানুষের অর্থনৈতিক সামঞ্জস্যতা হিসেব করলে এ দ… See more
"লকডাউন চাই না। স্বাস্থ্য বিধি কড়াকড়ি করা হোক। সামনে রমজান তারপর ঈদ। বাংলাদেশের অভ্যন্তরীন অর্থনীতি মূলতঃ ঈদ কেন্দ্রীক। গত ২০২০ এর ঈদ কেন্দ্রীক ব্যবসা-বানিজ্য পুরোপুরিই ভেস্তে গিয়েছিল। তাতে বহু ব্যবসায়ী পথে বসে যায়, সর্বশান্ত হয়ে পড়ে। অনেকে পেশা পরিবর্… See more"
"লকডাউন দিলে মোদি আসার আগে দেন, নয়তো লকডাউন নামক ব্যার্থ তালাকে বাংলাদেশের ঈমানদার মানুষের গায়ে ঝুলে দিয়ে লাভ নাই।"
"আবারও ২ মাসের লকডাউন দেওয়া হোক। তবে এবার কঠোরভাবে সব নিয়ন্ত্রণ করা হোক। না মানলেই জেল, জরিমানা। তবে সেটা অবশ্যই যাদের উপর করা দরকার তাদের উপর।আগেরবার লকডাউনের সময় সবাই কক্সবাজার গেল, এটা খুবই অন্যায়।।এবার লকডাউন দিলে যেন এমন না হয়।"
আমরা বাঙালিরা দাঁত হারানোর পর দাঁতের মর্ম বুঝি!
"সবাই যেভাবে ""ডোন্ট কেয়ার মুডে"" রাস্তা-ঘাটে চলাফেরা করছে যেন দেশ থেকে করোনা ভাইরাস চলে গেছে! পরিস্থিতি নিয়ন্ত্রণে থাকতে থাকতে সচেতন ও কার্যকরী পদক্ষেপ না নিলে আল্লাহ না করুক পরিস্থিতি নিয়ন্ত্রণের বাইরে চল… See more"
"অধিদপ্তরের লোকজন ভাতা পাবে, স্পেশাল এলাউন্স পাবে। আমরা কি পাবো লকডাউন দিলে? ফালতু একটা সংস্থা, যার অধিকাংশ লোকই দূর্নীতিবাজ।"
লকডাউন কোনো সমাধান নয়।স্বাস্হ্যবিধি মেনে চলতে কঠোর কর্মসূচি ঘোষণার মাধ্যমে অর্থনৈতিক কর্মকাণ্ড সচল রাখতে হবে।
দেশটা ফালা ফালা হয়ে যাচ্ছে। হয়ে যাক!দিন মজুর খেটে যাচ্ছে।
"খেটে খেটে মরে যাক।নিম্নবিত্ত লড়াই করে যাচ্ছে প্রতিনিয়ত, করে যাক।মাগার সেই দিকে খেয়ালই নেই।আর এদিকে।।।।।"
লকডাউনে কোনো সমাধান হবে না আর লকডাউন দিলে ও তাতে গরিব আর মধ্য বিতওদের বেচে থাকা কষ্ট হবে এখন জরুরি ভাবে গন সচেতনতার বেশি দরকার আর মাস্ক বাধ্যতামুলক করা।
"ফেনীতে মেলা চলছে। লক ডাউন না দিলে ভালো হয়!"""
স্বাস্থ্য অধিদপ্তর কে এবিষয়ে সিদ্ধান্ত নেয়ার!!! বাংলাদেশের মানুষ ভালো আছে। কোনো করোনা নাই এখানে।
"লকডাউন এ অনেক মানুষে জীবিকায় ভয়াবহতা হয়, তাই স্বাস্থবিদি মেনে চলার জন্য পদক্ষেপ নেয়া জরুরি।"
"কিসের লকডাউন ! করোনা নিয়ে অনেক ফাল পারছেন । আর না ।দেশকে দূর্ভিক্ষের দিকে ফেলে দিতে চাইলে , লকডাউন দিয়ে দিক ।"
কিছুদিন আগে বিশেষ এক কাজে রাজশাহী থেকে নওগাঁ যাচ্ছিলাম। যে বাসে উঠেছিলাম লক্ষ করলাম আমরা দুইজন ব্যাতিত কারো মুখে মাস্ক নাই। এত এত প্রচার প্রচারনা। অবাক হয়ে যাই মানুষে সচেতনতার লেভেল কোন পর্যায়ে!
লকডাউনে দিন মজুরদের কি হবে? তারা কিভাবে দিন কাটাবে। যদি মধ্যবিত্ত এবং গরিব দুখি মানুষের ঘরে ঠিক মতো খাবার দিতে পারে তাহলে স্বাস্থ্য অধিদপ্তরকে বলবেন লক ডাউনের আবেদন জানাতে। এই গরিব দুখি মানুষ গুলো তো করণায় মরবেনা পেটের ক্ষুদায় মারা যাবে।
হাজার হাজার মানুষের সমাগমে শতশত অনুষ্ঠান করে সারাদেশে মুজিববর্ষ পালন হচ্ছে। তাতে করোনার বিস্তার হয় কিনা মাননীয় করোনামন্ত্রীর কাছে জাতী জানতে চায়?
লকডাউনের চেয়ে এখন স্বাস্থ্যবিধি কঠোরভাবে মেনে চলার উপর বেশী গুরুত্ব দেওয়া উচিত।
লকডাউনের সুফল এদেশের মানুষ নিতে পারেনি বরং আর্থিকভাবে ব্যাপক ক্ষতিগ্রস্থ হয়েছে সবাই।
অন্তত আগামী ১ বছরের জন্য পরিস্থিতি যাই হোক কঠোর স্বাস্থবিধি মেনে চলার বিকল্প নেই।… See more
"লকডাউন কোনো সমাধান নয়, লকডাউন দেশের অর্থনীতিকে ধ্বংসের ষড়যন্ত্র। আর দূর্নিতিগ্রস্থ স্বাস্থ মন্ত্রানালয়ের চেয়ার গুলোতে অযোগ্য ব্যক্তিরা বসা।"
স্বাস্থ্য অধিদপ্তর এর চাওয়া বলে কিছু নাই। শেখ হাসিনা যদি চান তাইলে লক ডাউন হবে নতুবা হবে না।
এবার তাইলে আর মিস করমু না শুভ কাজ সাইরা ফালামু
"লকডাউন দেয়া যেতে পারে তবে তার সুফল মানুষ আদৌ পাবে কিনা সন্দেহ আছে। অর্থনিতীর এমনি যেই অবস্থা, গরীব দিন এনে দিন খাওয়া মানুষরা কি করবে ভেবে দেখতে হবে তাও। ইতালি যুক্তরাষ্ট্রের মতো বড় দেশও আমরা নই তার মধ্যে তাদের সাথে তুলনা করা রিতীমত অসামঞ্জস্যকর। এমনি অ… See more"
"শিক্ষা প্রতিষ্ঠান বন্ধ রাখলেই করোনা করুন হয়ে আসে, খোলার কথা শুনলে করোনা লাফিয়ে বাড়ে, উচ্চ শিক্ষিত ভদ্র করোনা।"
"Government job holder jara lockdown chay, oder without pay without facility te lifetime chuti diye den. Sorir e beshi tel jome gace salader."
ভাই রে এইভাবে চললে বিয়া শাদী কইরা বাচ্চা কাচ্চা নিয়া একসাথে আবার স্টাডি শুরু করা লাগবে
"গরীবদের পক্ষে লক ডাউনের ভিতর বেঁচে থাকাটা কঠিন হয়ে পড়ে। লক ডাউনে ঝুঁকি , আবার না থাকলেও ঝুঁকি। এই দুই ঝুঁকি থেকে একটিকে বেছে নিতে হবে।"
"সরকারি লোকজন ভাতা পাবে, স্পেশাল এলাউন্স পাবে। আমরা কি পাবো লকডাউন দিলে? ফালতু একটা সংস্থা, যার অধিকাংশ লোকই দূর্নীতিবাজ।"
স্বাস্থ্য অধিদফতর এর মত দায়িত্বশীল প্রতিষ্ঠান এত মূর্খ কেন? লকডাউনের ক্ষতি সম্পর্কে নুন্যতম আইডিয়া থাকা উচিত
"ওরাতো বসে বসে লাখ লাখ টাকা বেতন পায়। ওদের জন্য লক ডাউন ভাল, আমাদের খবর হয়ে যায়। আবার লক ডাউন দিলে খবর আছে।"
"মাক্স, পিপিই...চড়া দামে কিনে বোধহয় নেশা চড়ে বসেছে, আবার চায়"
কোনো প্রয়জন নাই
অহেতুক দেশের অর্থনীতি নষ্ট করবেননা
হুদাই লকদাউন দিয়ে কোন লাভ নেই। দেশের অর্থনীতিকে ধ্বংস করা হবে।। সবাই মাস্ক ব্যবহার করি আগে।। বাইরে ঘুরতে তো আমরা কম করছি না।।
দেশ লকডাউন দেওয়ার মত তামাসা করিয়েন না। এদেশে কার্যত লকডাউন সম্ভব না ( Its completely impossible).
তাই লকডাউনের চিন্তা বাদ দিয়ে স্বাস্থ্য সচেতনতা ও সার্ভিস বাড়ানো দিকে গুরুত্ব দিন।
আইন মান্য করায় আমরা জাতি হিসেবে খুবই দুর্বল নিজ দেশে। কিন্তু দেশের বাহিরে অবস্থানকালে অর্থাৎ বিদেশে আইন মানতে বাধ্য থাকি। মহামারিতে কঠোর আইন করা হউক এবং সেগুলো মানতে বাধ্য করা হউক। তবে মানুষের মানবিক দিকগুলো সর্বোচ্চ বিবেচনায় রেখে দরিদ্র জনগোষ্ঠী কিং… See more
"১| শিক্ষা প্রতিষ্ঠান খোলার সময় কাছাকাছি , ২| বিরোধী দলের আন্দোলন জোরদার হচ্ছে। আর সাথে সাথে পাল্লা দিয়ে করোনাও বৃদ্ধি পাচ্ছে।"
"কিছু বুঝলাম না,স্কুল কলেজ বিশ্ববিদ্যালয় খুলে দেওয়ার ঘোষণার আগে সব ঠিক ছিল,হাট-বাজার মিছিল-মিটিং,শপিং মল, পার্ক সবই খোলা ছিল ..মাসের-পর-মাস চলেছে এভাবে,তখন তো করোনা সংক্রমণ বাড়েনি!!অথচ দিন দিন কমছে..কিন্তু যখন ছাত্র-ছাত্রীরা সরকারকে চাপ প্রয়োগ করে ,… See more"
প্রথমে সব প্রোগ্রাম শেষ করি তার পর লকডাউন করা হবে ঠিক গত বছরের মত
১০ দিনের কর্মসূচি শেষ তো হতে দিন।
লক ডাউন এর নাম মুখে নিলে মুখ ভেংগে দিবো। লকডাউন চাই না। সচেতনতা বাড়ানো হোক আইনশৃঙ্খলা বাহিনীর উচিৎ গণপরিবহন ও ফুটপাত ভিড় মুক্ত করা। সবাইকে সাস্হ বিধি মানতে বাধ্য করা।
"নিত্য প্রয়োজনীয় জিনিস কিনতে হিমসিম খাচ্ছি আমার মতো অসংখ্য নিম্নআয়ী জনগন,আর এই জানোয়ারেরা আছে ঘরে বসে বেতন নেওয়ার ধান্দায়।"
দেশের অর্থনৈতিক ও বাজারের যে অবস্থা! এই অবস্থায় লকডাউন চাওয়াটা বিলাসিতা। কার্যত লকডাউন বাংলাদেশে হয় না। কাগজে কলমে লকডাউন।
"দেশে নির্বাচন থেকে শুরু করে দলীয় ও রাষ্ট্রীয় মিটিং,মিছিল,অনুষ্ঠান সবই চলছে। সাধারণ জনগণ অনুসরণটা করবে কাকে?"
আরে ভাই আবহাওয়া পরিবর্তন হইছে এই কারণে মানুষের সর্দি জ্বর কাশি হয়েছে চিন্তার কোন কারন নাই আল্লাহ আবার সব ঠিক করে দেবে ইনশাআল্লাহ।
লক ডাউন নামক নাটকের পুনরাবৃত্তি চাই না। দিতে হলে সারাদেশে ১৪৪ ধারার মত ব্যবস্থা চাই।
শিক্ষা প্রতিষ্ঠান খুলতে চাইলে কেমনে যেন সংক্রমণ ও মৃত্যু বেড়ে যায় বুঝি না
"খালি কথা কইলে হইবো। আমার মতো ১২/১৪ কোটি মানুষ করোনা আক্রান্ত হয়েছে বাংলাদেশে। সবার এন্টিবডি আছে। আজ ৯ মাস। নেগেটিভ হইছি। মাস্ক পড়িনা ৭ মাস ধরে। এসব বলে লাভ নেই। যার হইবো,,কাঁচে ঘেরা রুমে থেকেও হইবো। যেমন আমাদের শিক্ষামন্ত্রী। ভয়ে সব স্কুল রাখিছে। ক… See more"
লক ডাউন যে সমস্যার সমাধান নয় তা অতীতেই প্রমাণিত হয়েছে।বরং স্বাস্থ্য বিধি মানতে বাধ্য করার জন্য কঠোর শাস্তির বিধান করা উচিত।
লকডাউন ইনিশিয়েট করার মত টুলস আমাদের নাই!
সোসাল ডিস্টেন্স মেইনটেইন করতে গেলে ১১ কোটি মানুষ কে দেশের মানচিত্রের বাহিরে গিয়ে দাড়াতে হবে।
বাজে সিদ্ধান্ত। লকডাউন চায়না জনগণ।
ভাইরাস খুব চালাক
শিক্ষা প্রতিষ্ঠান খুলার কথা বললেই
সংক্রমন বাড়িয়ে দেয়
"ভাই সমস্ত প্রকার আন্দোলন দমানোর অন্যতম উপায়,দারুণ বুদ্ধি, সব মিলিয়ে লক ডাউনকে স্বাগতম।"
no need domestic lock down.... just lockdown the international airport
এমন সিদ্ধান্ত কোন ভাবে মানা হবেনা।
শুধু শুধু এইসব বলে লাভ নেই।
মধ্যবিত্ত পরিবার গুলোর অবস্থা খুব খারাপ।
"মোদি বাংলাদেশ সফরের কথা উঠলেই করোনার প্রকোপ বাড়ে,আগের বারও হয়েছিল।"
"সরকার তার গদি হারানোর ভয়ে এসব ষড়যন্ত্র সৃষ্টি করছে,যেখানে বন্ধ করে দেওয়া হয়েছে দেশের সকল শিক্ষা প্রতিষ্ঠান,,জাতীকে মেধা শুন্য করে রাখা এটাও সরকারের আরেক ষড়যন্ত্র তানা হলে সব চলে শিক্ষা প্রতিষ্ঠান কেন বন্ধ,তার ফাকে চলছে দেশের দ্রব্যে মূল্যের ঊর্ধ্বগতি ন… See more"
"ইন-শাআল্লাহ,,মূজিব বর্ষ শেষ হলেই আবার লকডাউন দিয়ে দিব,,সব ক্ষেত্রে ভাইরাস ছরালেও ,মুজিব বর্ষ পালনে কোন ভাইরাস আসতে পারে না,,,মুজিব ছিল,,ওই যূগের আউলিয়া,,আর হাসিনা হলো এই যুগের হযরত..."
মুসলিম কে কিভাবে ধ্বংস করে দেওয়া যায় এই নিয়ে পুরো বিশ্ব লেগে আছে। বিশ্বের চেয়ে কোনভাবে পিছিয়ে নিয়ে আমাদের বাংলাদেশও বিভিন্ন নিউজে বলা হয়েছিল শীতকাল সব চেয়ে খারাপ অবস্থা হতে পারে করোনার কিন্তু কয় কিছুই তেমন হলো না আলহামদুলিল্লাহ.।
গত লকডাউন স্বাভাবিক হ… See more
প্রথম লকডাউনে আমাদের অনেকের চাকুরী চলে গেছে অফিসে আসা লাগবেনা বাসায় বসে কাজ করবে এই বাসায় বসে কাজ শুধু হাই সিনিয়র দের অফিসে অন্য অনেক স্টাপ আছেন অফিসে এসে কাজ করতে হয় আর তখনই এই সুযোগে কিছু এনজিও ডাইরেক্টর রা করুনার মহামারির এই বিপদের সময় লোক গু… See more
Eid er chuti komanor karone corona komenai borong breeche.. Shobai hete hete je jevabe pereche bari gese.. Ami mone kori shobaike shastho bidhi mene cholar bepare shotorko kora uchit r jono shomagom komano uchit jodi aishob continue korto October er di… See more
"লকডাউন না চেয়ে বলেন যে যার যার গলায় রশি দেন,, অলরেডি চাউলের কেজি 65 তেলের কেজি 175"
"আমিও লক ডাউনের স্বপক্ষে মত পোষণ করছি। যদিও বেশিরভাগ লোকের আর্থিক ক্ষতি হবে, কিন্তু এটাও ভাবতে হবে যে জীবনের দাম অমূল্য।"
"মনে হয় এখানে দেশপ্রেমিক অনেক সচেতন মানুষ ও আছেন। যারা দেশের বর্তমান রাজনৈতিক সামাজিক পরিস্থিতিতে অসহায় বোধ করছেন। কিছু করতেও পারছেন না সইতে ও পারছেন না। যারা তথাকথিত রাজনৈতিক দলের (আওয়ামীলীগ, জামাত, বিএনপি, জাতীয় পার্টি) কবল থেকে মুক্তি চান।"
এই দেশকে … See more
"এইসব স্বাস্হ্য অধিদপ্তরের নির্দেশনা আমরা গুণি না। আমরা কিংবা আমাদের মাননীয় সরকারের নির্দেশে বিসিএস পরীক্ষা দেব, মিছিল করবো, আন্দোলন করবো, কক্সবাজারে ঘুরতে যাব, বিএনপি জামায়াত মাঠে নামলে প্রতিহত করবো। দেশে মেলা মানুষ, ২/৪ কোটি করোনাতে মারা গেলে দেশে… See more"
"আল্লাহর হস্তে লক ডাউন এর নাম নিবেন না, না খাওয়া থাকাটা কি যে কস্টের একমাত্র আমরা বুঝি, আর লেইন করে সুদের টাকা মিটানো যে কি কস্টের তা আমরা বুঝি,"
"Ohhh vaii, ager lockdown a manus general public valoi chor police khelchyy,Again khela hobbe naki."
"বিবিসি নিউজ মিডিয়া এর মাধ্যমে বাংলাদেশ সরকার এবং স্বাস্থ্য মন্ত্রণালয় কে অনুরোধ করতে চাই যে, বিবিসি বাংলা নিউজ অনুসারে স্বাস্থ্য অধিদপ্তরের চিন্তা ভাবনা অনুযায়ী ১২ প্রস্তাবের সাপেক্ষে বাংলাদেশের স্বাস্থ্য খাতের সকল ক্ষেত্রে পযাপ্ত সংখ্যক জনবল নিয়োগ দিন… See more"
এমনিতেই বাজারের যে ঊর্ধ্বগতি
তার উপর যদি হয় লকডাউন
এতে মানুষ করোনায় আক্রান্তর যে না খেয়ে মারা যাবে বেশি… See more
"শুনলাম আজ সব দোকানপাট বন্ধ রাখার ঘোষণা দেয়া হয়েছে। কিন্তু, বাস্তবে সারা দেশে কোনো দোকান বা মার্কেট বন্ধ আছে দেখা গেলো না।"
লকডাউন তেমনি হবে!
অধিদপ্তর Kon gadha ei bangla likheche??
"লকডাউনের চিন্তা না করে দ্রব
‍
্যমূল
‍
্য দাম কমানোর চিন্তা করেন আর সাস্থ্য বিধি মেনে চলা এবং মাক্স পড়া বাধ্যতামূলক করলে হবে"
"করোনা স্কুল খোলার ঘোষনার ব্যস্ত আনুপাতিক।খোলার তাং কমলে করোনা বাড়ে,তাং বাড়লে করোনা কমে।"
লকডাউন করতে পারলে স্বাস্থ্য অধিদপ্তরের ইনকাম বেড়ে যাবে।।
এই দেশে লকডাউনের কোন প্রয়োজন আছে বলে মনে করি না।।।… See more
"বিশ্ব স্বাস্থ্য সংস্থা বলেছে করোনা ভাইরাস কখনোই যাবেনা, তাহলে আজীবন লকডাউন চাই।"
আজ হতে শুরু করে মার্চের বাকী দিনগুলো লকডাউন ঘোষণা করে বিমান চলাচল বন্ধ ঘোষণা করা হোক যাতে মোদী আসতে না পারে!!
"স্কুল খোলার কথা শুনেছেতো,তাই করোনা বেড়ে যাচ্ছে।আবার ঘোষনা করা হোক যে এই বছরও স্কুল কলেজ বন্ধ থাকবে দেখবেন করোনা এমনিতেই কমে যাবে!"
লকডাউন র সাথে এনজিও এবং ব্যাংকের রিনের চাপ বন্ধের দাবি জানাচ্ছি আমার প্রতিবেশী একজন মহিলা লকডাউন র মধ্যে নিজের ব্যাবসা য় লস খেয়ে তার পর অনেক কষ্টে দারিয়েছিলো টিএম এস এস তাকে রিন পাইয়ে দিবার কথা বলে 11105 তার পুঁজি নিয়ে নেয় রিন ও দেয়নি ভাবুন কি … See more
"করোনা ভাইরাস তো খবর পাইছে যে, দেশের স্কুল-কলেজগুলো আর কোনো অযুহাতে বন্ধ রাখা যাচ্ছে না। খোলার সময় হয়ে এসেছে। তাই হঠাৎ করে বাংলাদেশে করোনার সংক্রমণ তো বাড়বেই! বুদ্ধিমান ভাইরাস!"
"বাংলাদেশে লক ডাউন মানে আমার মত গরীবদের পেটে লাথ।
মিছিল,মিটিং,সভা,সমাবেশ,ঐিকেট,ফুটবল,"
"জন্ম উৎসব,বৃহৎ জানাজা নির্বাচন সব ঠিকই চলছে এগুলোর জন্য কিন্তু করোনার বিস্তার লাভ হয় না।
তাহলে আবার লক ডাউন কেন!!"
Locked dawn dile manus guli na khea marai jabe... please please Bangldeser prime minister Sheikh Hasinar kase onurodh.. Corno virus er Jonno sotorkota mulok bebosta nea hok kinto locked dawn na die tahole In Sha Allah er protikar somvob... please
কথা হলো হাসপাতালে রোগীর সংখ্যা অনেক বেড়ে গেছে। ঢাকার প্রায় প্রতিটি কোভিড হাসপাতালেই করোনা ওয়ার্ড একদম কানায় কানায় পূর্ণ। এখন সামনেও যদি এই অবস্থা চলমান থাকে তাহলে এতগুলো মানুষকে হাসপাতালে যায়গা দিবে কিভাবে? তখনতো সবাই ঠিকই ক্ষুব্ধ হয়ে সরকার আর হাসপাতাল… See more
আজকে ত অনেক কিসু দেখলাম তখন করনা ছিল না। এবার দিলে কেও মানবে না। মধ্যেবিও র গরিবরা কস্টে থাকে।।আল্লাহ জদি কপালে রাখে হবে আম্নেই মরন।।আল্লাহ আমদের অন্য দেশের থেকে ভালো রাখছেন আলহামদুলিল্লাহ্ আলহামদুলিল্লাহ্ আলহামদুলিল্লাহ্ লাখ লাখ সুখরিয়া আল্লাহর কাছে
"আবারও শুরু হলো নতুন ইসু । নাম তার করোনা । করোনার প্রভাব বাংলাদেশে কখনো কম ছিল না , কিন্তু বাংলাদেশ সরকার সব সময়ই বলছে করোনা নিয়ন্ত্রণে আছে , কারণ তারা করোনার থেকেও শক্তিশালী । কিন্তু হঠাৎ কেন বলছে করোনার প্রকোপ বারতে শুরু করেছে । বাংলাদেশের মিডিয়াও… See more"
Lockdown joruri... Nahole sastho bidhi mancha na manus.. Life is first priority..
স্কুল কলেজ বিশ্ববিদ্যালয় খোলার সময় ঘনিয়ে আসাতেই কি করোনা ভাইরাসের প্রকোপ বেড়ে গেলো?
একটু জানতে ইচ্ছে করে
"এমনভাবে বাড়তাছে না যে দেশের মানুষজন মরে সাফ হয়তাছে।।এটুকু বাড়তেই পারে,তাতে এতো হতাশা হওয়ার কিছু নাই।দায়িত্ব একটু বেশি পালন করতে গিয়ে ছাত্রদের জীবন তেনা তেনা হয়ে যায়তাছে।"
শিক্ষ প্রতিষ্ঠান বন্ধের কৌশল ব্যাতী আর কিছুই না।
ভ্যাক্সিন দেওয়া বন্ধ করে দেওয়া উচিৎ
স্বাস্থ্য অধিদপ্তর তো বলেই খালাস । মাঝখান থেকে দেশের মানুষ না খেতে পেয়ে মারা পড়বে। সরকারি লোকজন তাদের ২ নম্বরি টাকা আছে। সারাবছর বসে বসে খেতে পারবে। কিন্তু এনাদের দিয়ে তো আর সাধারণ জনগণের সামর্থ্য বিচার করা যাবে না। কিছুটা বুদ্ধিমান হোন। ধার করা থিওরি… See more
"লক ডাউনের কোন প্রয়োজন নেই,"
জন সচেতনতা এবং মাস্ক বাধ্যতামূলক আইন করতে হবে।
"করোনা নিয়ে আর কোনো রিপোর্ট চাই না। করোনায় আক্রান্তের চক্রান্ত করে এই জাতিকে থামিয়ে রাখা যাবে না
করোনা নিয়ে কোনো সংবাদ শুনতে চাই না। করোনাকে জীবনের একটা অংশ বানিয়ে, তাকে নিয়েই আমাদের চলতে হবে। করোনার ভয়ে ঘরে থাকা আর নয়। কোনো লকডাউন চাই না"
ফের লকডাউন দিলে শুধুমাত্র শিক্ষাক্ষেত্রেই কার্যকর থাকবে। আর কোনো ক্ষেত্রে নিয়ন্ত্রণে রাখতে পারবে না। যা ক্ষতি হওয়ার আমাদেরই ই হবে। নামমাত্র লকডাউনের প্রয়োজন নেই। পড়াশুনায় ১ বছরের বেশি সময় লস খেয়েছি। চাকরির বয়স কমে যাচ্ছে ।পরিবারের হাল ধরার দায়িত্ব নিত… See more
দেওয়াই‌ উচিত‌
এবার‌ লকডাউন এমনভাবে‌ দেয়া‌ উচিত যাতে‌ অর্থনৈতিক ক্ষতি‌ সাধন না‌ হয়‌।
"তাই‌, লকডাউন যদি‌ দিতেই‌ হয়‌ তাহলে‌ ঘর‌ থেকে বের না‌ হ‌ওয়ার‌ লকডাউন নয়‌ বরং কর্ম্যস্থল থেকে‌ যাতে‌ বের‌ না‌ হয়‌ সেরকম‌ লকডাউন দিলে‌ ভালো হয়।… See more"
Full lockdown is the only way to combat the present covid-19 situation. All should work from home to be safe.
সতর্কবার্তাঃ
কোভিড ১৯ এর যে স্ট্রেইনটি এখন সার্কুলেট করছে তা মনে হচ্ছে মারাত্মক সংক্রামক। খুব দ্রুত বাড়ছে আক্রান্তের হার। … See more
"সময় এখনি দ্রুত এর বিরুদ্ধে ব্যবস্থা নেওয়ার। নয়তো আরো বেশি খারাপ হতে পারে, যা আমরা মোকাবিলা করতে সক্ষম নাও হতে পারি।"
আমি সচেতনভাবে লকডাউনের ঘোর বিরোধী।
লকডাউন দিয়ে বাংলাদেশে সংক্রমণ ঠেকানো যাবে না।… See more
sob kicu cole... abar kiser lockdown.. new danda cara kicui na
করোনার প্রকোপ স্কুল খোলার সময় হলে বেশি বাড়ে
লকডাউন দিয়ে করোনাকে আটকে রাখা যাবেনা । অহেতুক জনগণের ভোগান্তি বাড়বে । তারচেয়ে সচেতনতা বেশি গুরুত্বপূর্ণ ।
যতদিন লকডাউন থাকবে ততদিন প্রত্যেকটা নাগরিকের জন্য ততদিনের খাবারের ব্যবস্থা যদি স্বাস্থ্য অধিদপ্তর করে তাহলে নকডাউন দেওয়া হোক সমস্যা নেই।
জি লকডাউন দিয়ে দেশকে অচল করে দেন। আমরা আছি তো! দেশের সবকিছু বন্ধ করে দিলেও আমাদের রেমিট্যান্স পাঠানো বন্ধ হবে না। রক্তের শেষ বিন্দু ক্ষয় হলেও আমরা দেশে টাকা পাঠাবো।
"এগুলা সব ভারত থেকে আসা টিকার কেরামতি,, লক্ষ করা যাচ্ছে যে ভারতে আবার সংক্রমণ ব্যাপক আকারে বৃদ্ধি পাচ্ছে।"
দেশের সর্বোচ্চ সেবা মেডিকেল ঢাকা তাও আজ আগুনে পুরে করোনা ইউনিট বন্দ এ-টাই আমাদেরই শক্তিশালী ব্যাবস্তা ভংগুর চিকিৎসা
রমজানের আগে কোন লকডাউন চাই না । রমজানের পরে দরকার হলে একটানা ৬ মাসের জন্য দিক৷। মানুষ না খেয়ে মরতে চায় না। এদেশের ৮০% লোক রমজানের ব্যবসার উপর নির্ভর শীল।
"লকডাউন চাই না,,,যেখানে সাস্থ ব্যবস্থা ভাল না,, যেখানে মানুষের বিপদ দেখে তার দুরবলতার সুযোগ নেওয়া হয় সেখানে আমি মনে করি যেভাবে আছে সেভাবেই থাকা শ্রেয়"
"লকডাউন কোন সুফল আনতে পেরেছে কি? লকডাউন মানে তা স্বাস্থ
‍
্য অধিদপ্তর জানে জনগণে জমানো অর্থ লুট করা উচ্চ শ্রেণীর লোকের কাছে হাত পাতা অর্থ অভাব করা তার চেয়ে ভালো স্বাধীন ভাবে চলার স্বাভাবিক অবস্হা বজায় রাখা"
করোনার পরিস্থিতি এখনও পুরো বিশ্ব আতঙ্ক ও সতর্ক অবস্থায় স্বাস্থ্যবিধি মেনে চলছে । সোনার বাংলাদেশ মনে হয় করোনার সঙ্গে কোলাকুলি শুরু করে দিচ্ছে
লকডাউন কোন সমাধান নয়- আমাদের হার্ড ইমিউনিটির দিকে যাওয়া উচিৎ।লকডাউন হলে গরীব না খেয়ে মরবে।
দ্রব্যমূল্যর উর্ধগতিতে মানুষ যখন দিশেহারা তখন লকডাইন নামক শব্দটা হাস্যকর ছাড়া আর কিছু নয়।
"যাতে স্কুল-কলেজ খুলতে না হয়, শিক্ষার্থীরা সব মেধাশূন্য হয়, তা না হলে যখন বাণিজ্য মেলা হয় তখন করোনা বাড়ে না, যখন কক্সবাজারের লক্ষ লোকের ভিড় হয় তখন করোনা বাড়ে না, শুধু যখন ইস্কুল কলেজ খোলার সময় হয় তখনই করোনা বেড়ে যায়।"
Lockdown dorker nai agula faltu kaj er madhoma jonigoner khoti kora.ja bacher bacba jar moron lakha acha sa morba kichu korar nai.
"Resturant, shopping mall egula bondho korun. Corona amni kome jabe"
"লকডাউন দিতে সমস্যা নেই, তবে মানুষ তো করোনায় মারা যাবেনা, মারা যাবে পেটের খুদায় না খেয়ে অনাহারে।কারন বাংলাদেশের প্রতিটা নাগরীকের কাছে উন্নয়নশীল দেশের মত খাদ্য পৌছাইয়া দেয়ার মত স্বকক্ষমতা নেই।"
"হায়রে আবার লকডাউন, আবার কষ্ট, আমার মত গরীব মানুষই বুঝে এই সময়টা কত কষ্টের, আবার বুঝি সেই সময় শুরু হচ্ছে,না পারি চাইতে না সাহায্য করার মত কেউ আছে"
আপনাদের কাছে আমার একটি প্রশ্ন। বাংলাদেশে শিক্ষা প্রতিষ্ঠান বন্দ কেন। ভাইরাস কি শুধু শিক্ষা প্রতিষ্ঠানে নাকি আর কোথায়ও আছে। যদি আর কোথায় ও থাকে। তাহলে সব প্রতিষ্ঠান খোলা কাজ চলে। কিন্তু শিক্ষা প্রতিষ্ঠান বন্দ কারন কি।
এই জন্য সোয়াবিন তেলের দাম বেড়ে গেছে। এত তেল মারতে পারে?
"Umgo desher manush hero type er gai lgena kisu. 1 ta accident hoi trpor bojhe. Mask porao niche namai rakhe, police na dekle oneke portei caina. Nije ghar terami krbe, arekjonre influence krbe j amr kisu hoini tur ki problem. Mjha mjha mne hoi Robindro… See more"
সাধারণ জনগনকে মেরে ফেলেন। ৭০ টাকা কেজি মোটা চাল কিনা জনগন টের পাচ্ছে। মরার উপর খাড়ার ঘা।
আক্রান্তের সংখ্যা যেভাবে বাড়ছে তাতে লকডাউন এর কোন বিকল্প নেই।
লকডাউন দেও আর ঘরে বসে বসে খাও। যাচ্ছে জনগণের আসছে দিন ভালো আপনাগের। বৌ পোলাপান লইয়া ঘরে দিন কাটাও আর কাজ কাম কইরা খাওয়াইনা লোকজন পথে বসুক বান্দরামী
"সরকার পরে যাওয়ার সম্ভাবনা যখনই তৈরি হয়, তখনই একটা নতুন জিগির নিয়ে কেউ না কেউ এসে হাজির হয়। সরকার করোনা ক্রাইসিসকে ক্ষমতা ধরে রাখার টুলস হিসেবে ব্যবহার করছে।।"
স্বাস্থ্য সচেতনতা নাই একদমই।
"পাবলিক প্লেস, পরিবহন কিছুতেই কেউ সচেতন না।"
নতুন করে লক ডাউন দিয়ে মানুষের জীবন লক করে দিবেন না।।
আর লকডাউন চাইনা। যা হবে হউক। প্রথম লকডাউনে মানুষ যে কর্মসংস্থান হারিয়েছে তা আর ফিরে পাইনি। যে দু-একজন পেয়েছে তারাও হারাবে। করোনায় মানুষ মরুক তবুও মানুষ না খেয়ে যেন না মরে।
আওমীলীগের বক্তব্য হবে করোনা সংক্রমনের জন্য বিএনপি ও জামাতশিবির দাই । আবার বিএনপি বক্তব্য হবে যে বঙ্গবন্ধুর জন্মের শতবর্ষ পালন উপলক্ষে সংক্রমন বারে বলে ধারনা করা হয় তাহলে আমরা সাধারন মানুষ কোথায় যাবো বলেন?
Vai r lock down chai na. Ekbar lock down diye ja korse shetaito ekhono katiye uthte parini tarpor jodi abar dey tahole mara jabo.
Sastho odhidoptor er kormokorta ra gorib der khawabe???lockdown dile?nije ra to ghus er tky pet fulay rakse age e.
Vaccine mone hoy kaj korce na
"কোন লকডাউন হবে না, লোটেরা চোরেরা ধান্দাবাজি করতে লকডাউন চায়! পারলে মাক্স পরা বাধ্যতামূলক করুন সামাজিক দুরত্ব বজায় রাখে চলাফেরা করতে উৎসাহিত করতে হবে!"
"আপনাদের ব্যক্তিগত মতামতকে আমরা সম্মান করি। তবে কারো মতামত বা মন্তব্য যদি কারো প্রতি ঘৃণা,অপমান বা আক্রমণাত্মক বা গালিগালাজ হয় সেটা আমরা সমর্থন করি না। দেখা যাচ্ছে অনেকেই অশালীন বা আক্রমণাত্মক মন্তব্য করছেন যা আমরা ডিলিট করছি, অনেককে ব্যান করতে বাধ্য হ… See more"
"মিডিয়া যারা কাজ করেন তাদের কে বলছি মানুষের পেটের ক্ষুধা কথা বলুন , প্রয়োজনীয় জিনিস পত্র যে ভাবে দাম বেশি করে নিধারিত করা হয়েছে সাধারণ নিন্ম আয়ের মানুষ গুলো অনেক কষ্টে দিন কাটাচ্ছে। এই সব করোনা নিউজ বুলেটিন থেকে সাধারণ মানুষের কথা বলুন।"
যেখানে ইন্ডিয়ার অবস্থা অনেক বেশি খারাপ হয়েও লাখ লাখ জনগন মাঠে গিয়ে ক্রিকেট খেলা দেখছে। স্কুল কলেজ সব খুলে দিছে আর আমাদের বুদ্ধিজীবীদের মাথায় আসছে লকডাউন। করোনা সারাজীবন ও যদি না যায় তাহলে কি করবেন? করোনার মাঝেই সব কিছু চালিয়ে যেতে হবে।
আচ্ছা যাদের করোনা টেস্ট করা হয় সবার কিন্তু করোনা ধরা পড়ে না।
কিন্তু টেস্ট এর সময় কিন্তু হাচি আসে।
আমার ও আসছিল ।… See more
not anymore ... we already loss billions last year due to lockdown !!!
"বাঙালি বলে কথা, আপসোস আমরা স্বাস্থ্য নীতিমালা মেনে চলি না। কঠোর অবস্থানে গিয়ে আমাদের স্বাস্থ্য সুরক্ষায় কাজ করতে হবে।"
বাংলাদেশের করোনা ভাইরাস অদৃশ্য কোনো ইশারায় কমে- বাড়ে
"সরকারি চাকরিতে যারা আছে ছাটাই শুরু হোক,,বেতন হাফ বাকিদের,, করোনা কে কেন্দ্র করে অনেক বেসরকারি প্রতিষ্ঠান পেটে লাথি মারছে। সরকার তাদের দায়িত্ব নিবেকি?"
করোনাভাইরাস এ আক্রান্তের ভয়াবহতা দিন দিন বেড়ে চলেছে।
সচেতনতার বড়'ই অভাব।… See more
Lock down dile jara kosto kore kai tara ki korbe besorkari cakuri jara kore tara ki korbe modhobitto ra ki korbe tara ki na kae mara jabe apnara blen
Eha azob virus..school college kholar bataas boilee e ehaa beree jai go desh vaaasi...
বাংলাদেশে জারা ইন্ডিয়ান জঙ্গিবাদি মোদিকে এই দেশে আশার আহ্বান করেছে তাদের কারণে করুনা ভাইরাস ভাড়তেছে সুতরাং তাদের বাসা ভাড়ি লকডাউন করা হোক
বাংলাদেশের করোনা শুধু কাগজে কলমে তাছাড়া আর কোথাও চোখে পড়েনি।
কক্সবাজার কুয়াকাটা রাঙ্গামাটি খাগরাছরি সিলেট ভ্রমণের উপর নিষেধাজ্ঞা দিন তাতেই হবে।
বাসায় হুইয়া হুইয়া পাবলিক কি বাতাস খাইয়া বাঁচবো?
হ্লালার পুতেরা আগে মানুষের তিন বেলা ভাত নিশ্চিত কর
"ক্লাবে বিয়ে বা যে কোন অনুষ্ঠান বন্ধ করা হোক সেটা হিন্দু বা মুসলিমদের, ক্লাব সল্প পরিসরের জায়গা তাই মানুষের ভীড়া ভীড় বেশি।"
স্কুল+কলেজ +বিশ্ববিদ্যালয়=খোলার সময় যত ঘনিয়ে আসছে ততই সংক্রমন বেড়ে যাচ্ছে....যেই মূহুর্তে ঘোষণা আসবে
স্কুল কলেজ এখন খোলা হবে না....সেই দিন থেকে সংক্রমন কমে আসবে.... সরকার জানে স্কুল কলেজ খোলে দিলে
বড় ধরনের একটা ঝুঁকি নিতে হবে সরকার কে.... এজন্যই এ… See more
"আজ সারাদিন দেশ জুড়ে যত অনুষ্ঠান হয়ে গেল, স্বাস্থ্য অধিদপ্তরের মনে হয় নজরে পড়ে নাই, না ইচ্ছে করে ঠেকাই নাই । সরকারের যখন অনুষ্ঠান হয়, তখন লোক সমাগম দরকার পড়ে । আর যখন স্কুল কলেজ বিশ্ববিদ্যালয় খোলার কথা উঠে, তখন লক গাউনের কথা মনে পড়ে ।"
কি আছে বাংলাদেশ জাতীয় জনতা জোটের ১৩ দফায়?
দফা ১। শতভাগ সচ্ছ গণতন্ত্র প্রতিষ্ঠায়- ক) প্রধানমন্ত্রী সহ জনপ্রতিনিধি হিসেবে এক ব্যাক্তি দুই মেয়াদের বেশি নির্বাচিত হতে পারবে না।
খ) যাবজ্জীবন কারাদণ্ডের বিধান করে ভোট কারচুপি প্রতিরোধ আইন করতে হ… See more
এখন লকডাউনের কথা ওঠবে কারণ সামনে রমজান মাস তাই তারাবিহ বন্ধ করার কারণ খোজা হচ্ছে। লকডাউন কোনো স্থায়ী সমাধান না। বিকল্প ভাবতে হবে।
ফাইজলামি শুরু ঐছে না-কিতা।
"সরকারকে বলেনে, প্রতি পরিবারে মাসে ১লাখ করে টাকা দিয়ে যতদিন পারে লকডাউন দিয়া রাখুক। সমস্যা নাই।"
লকডাওন না দি‌য়ে প‌রিক্ষা করা‌নোই ক‌মি‌য়ে দিন তাহ‌লেই ক‌রোনা আক্রান্ত সংখ‌্যা ক‌মে যা‌বে!! গত বছ‌রের কার্যকর হিট ফর্মূলা !!
"খবরদার, এসব বাজে চিন্তা একদম করবেন না। সী-বীচ,পীরের দরবার, সিনেমা হল,রাজনৈতিক অনুষ্ঠান সহ কম প্রয়োজনীয় বিষয় গুলো আগে বন্ধ করুন।তারপর ও যদি করা লাগেই সেটা পরে দেখা যাবে, আপাততঃ কোন হঠকারী সিদ্ধান্ত না নেয়ার অনুরোধ করছি।"
এটার নাম ইতো বাংলাদেশ। প্রতিদিন এতো বেশি করে আক্রমণ হচ্ছে তাও কিছুই ব্যাবস্থা করছে না
আর আমি মরিশাসে দেখছি যে তাদের যদি ২০-৩০ জন আক্রান্ত হচ্ছে তাহলেই লোকডাউন জারি করছে
"Vai ar na. Amra aktu sadhin vabe cholte chai. Karon amra mrittu ke voi pai na, amra voi pai khuda ke......"
"করোনা একপ্রকার বুদ্ধিমান ভাইরাস
----ইস্কুল কলেজ খোলার কথা শুনলেই বেড়ে যায়"
"দে লারা সকাল দেউ,,, খেলাধুলা করা যায়না এলাকায় মানুষ নাই সব ব্যস্ত,, লগডাউন দিলে সব বাড়িত আইব্বা খেলা হবে"
তাদের কে করোনা রোগিদের সাথে থেকে কি ভাবে করোনা রোগী ভালো হয় তার টেনিং নেওয়ার জন্য চায়না পাঠানো হক
লগডাউনের অর্থ বুঝতে ওরা।একটা লগডাউনে সাধারণ মানুষের কি সমস্যা হয় এটা বুঝার মতো শিক্ষাগতো যোগ্যতা ওদের আছে মাথা ফুলার দল। গতো বছর মানুষ কে বিপদে ফেলে একটা কিছু সাহায্য করেনি সরকারের কর্তাব্যক্তিরা দালাল গুলো। ফকিরের যাত গুলো। নতুন করে লকডাউন দেয়ার আগে… See more
মুখ খারাপ করলেও দোষ চুপ থাকলেও দোষ
তার আগে সবার ঘরে নিত্যপ্রয়োজনীয় পন্য সামগ্রী বিনামূল্যে পৌছে দিতে হবে।
সেই সাথে ছাত্র ছাত্রী দের বয়স্ক ভাতা ও দেয়া হোক!
ভারতের টিকার কি খবর এতো দিন তো উৎসব করে টিকা নিতে বললো।।
আওয়ামীলীগ কুত্তার বাচ্চার তাদের বাবকে খুশি করতে ভারতের টিকা কিনে আনছে।
Kicho bissas korina ai destaitho poche gelo r ki hobe coronar chenta kore
"দেশে করোনা টিকা চলছে ভাইরাস ও নিশ্চুপ, যখনি শিক্ষা প্রতিষ্ঠান খুলার জন্য শিক্ষার্থীরা আন্দোলন করছে তখনি করোনা ভাইরাস মাথাচাড়া দিয়ে জেগে উঠছে।আচ্ছা কেউ কি বলতে পারেন শিক্ষা প্রতিষ্টানের উপর করোনার এত রাগ কেন?"
হুম আবারো লকডাউন চাই!! বউডার সাথে আবারো লম্বা সময় কাটাতে পারব তাইলে
"আমি লক ডাউন চাই না, কিন্তু স্বাস্থ বিধি মানাতে আইনের কড়াকড়ি প্রয়োগ চাই।"
"Lockdown caina,but bikolpo kicu chinta korta hoba, jana Sob manus valo thakta para, + Desh ta agai jai....(Amader aro Sochaton hota hoba)..."
লকডাউন দিয়ে দেশের বারোটা বেজে লাভ কি?নিজে সচেতন হোন অন্যকে সচেতন করুন।সাস্থ্যবিধি না মানলে জরিমানা করা হোক এটাই অনেক ভালো হবে।
Lock down deben valo kotha.gothoy barer mothoy jno sadaron manush kosto na pa.shetar prothi nojor rakben. R khaddo nirapotha deben.
"দেশে ২০ কোটি জনসংখ্যা ,,,নমুনা তো ২০ হাজারও হয় না ,,,,এত দিন লকডাউন ছিল সংক্রমণ ত একই ছিলো,,,,লকডাউন দিলে কি আর না দিলে কি,,,,সাধারণ মানুষকে জীবিকার জন্য বাহিরে আসতেই হয়,,,,"
"লকডাউন তো দেবেই ,কারন যাতে করে রমজানের তারাবি এর নামাজ মসজিদে না পড়তে হয়।সুযোগ মোটে পায় নাহ"
"খবরদার এসব বাজে চিন্তা একদম করবেন না। সী-বীচ,পীরের দরবার, সিনেমা হল,রাজনৈতিক অনুষ্ঠান সহ কম প্রয়োজনীয় বিষয় গুলো আগে বন্ধ করুন।তারপর ও যদি করা লাগেই সেটা পরে দেখা যাবে, আপাততঃ কোন হঠকারী সিদ্ধান্ত না নেয়ার অনুরোধ করছি।"
১কি গ্লাভস দিয়ে শত শত মানুষের নমুনা নেওয়া হচ্ছে এতে কি করনা বিস্তার লাভ করছে বলে মনে হয়না
কারন আমার ছেলে টা স্কুলে যেতে চেয়েছিল
সব দোষ দেখছি এখন আমার ছেলেটার
"এ করোনা বড্ডই সাম্প্রদায়িক,,, যখনই শোনে আমাদের দেশে মোদি আসবে, এ তখনই বাড়তে শুরু করে।।"
সাংবাদিক গুলোরে করোনা হাসপাতালে পাঠানো দরকার
"যেটা সম্ভব, সেটা বলেন। যেখানে পেট বাচাতে জীবন বাজি রাখতে হয়,যেখানে ২০০০ টাকা কামাতে সারাদিন সংঘর্ষ করতে হয়,সেখানে লকডাউন দিয়ে আজাইরা কষ্ট দিয়ে লাভ কি? সবাই এখন ১০ টাকায় ৪ টি করে মাস্ক কিনে আবারো করনা মোকাবেলা করবে"
বাংলাদেশে করোনা ভাইরাস বাড়েনি।তবে বাড়িয়ে বলা হচ্ছে।এটা একদম উচিৎ হচ্ছে না।
"গন আন্দোলনের ভয়ে সরকার স্কুল কলেজ ও বিশ্ববিদ্যালয় বন্ধ রেখেছে করোনার অজুহাত দেখিয়ে, এটাকে দীর্ঘায়িত করতে এখন এ সব বক্তব্য দেওয়া হচ্ছে।"
"স্বাস্থ্য অধিদপ্তর তো লকডাউন চাইবেই, যেন রাস্তায় নেমে কেউ দাবী আদায়ের আন্দোলন না করতে পারে।"
"হ সব কিছু বন্ধ দিয়ে দেন বিয়ের পর লং কোনো ছুটি পাই নাই,, তবে দুঃখের বিষয় স্কুল কলেজ ছাড়া সব খোলা থাকবে"
এবার লকডাউন হলে প্রকাশ্যে আত্মাহুতি দিব। এই লকডাউনে জীবিকা নির্বাহের পথ বন্ধ হয়ে যায়।
Gazi Mizanur Rahman aktu bujhiye bolen
করনায় আক্রান্ত হয়ে মরতে রাজি ভাই পরিবার নিয়ে না খেয়ে মরতে রাজি নেই।সুতরাং লকডাউন এর কোনো প্রয়োজন নেই এখন কোন রকম পরিবারটাকে নিয়ে বেঁচে আছে লকডাউন দিলে না খেতে পেয়ে একবারই মারা যাব।
নরেন্দ্র মোদি বাংলাদেশে আসতে চাইছে তার জন্য করোনা বাড়ছে
যাতে গত বছরের মত না আসতে পারে
এর জন্য করোনা অনেক ধন্যবাদ
লকডাউন সভ্য দেশের লাইগা..
আমাদের মত অসভ্যজাতির জন্য না..
শুধু শুধু অর্থনৈতিক ভাবে ক্ষতিগ্রস্ত হবে।আর কিছু মানুষ চাকরি হারাবে
স্কুল কলেজ খোলার সময় এসেছে বলেই সংক্রমণ বেড়ে গেল!
Last few moths how much heart attack has happened and people died. There are biggest mistake if the people died because of covid
পতনের ধ্বনি শুনতে পাচ্চে সরকার তাই লকডাউন নাটক
৬ টা মাস ভার্সিটি অফ রাখুক আর সেমিস্টার ফাইনাল টা অনলাইনে হউক এর বেশি চাইনা কিছুই
"ভাই সব বুঝবার পারছি, স্কুল না খোলার ধান্দা ! আর কিছু নয়.।"
লক লক খেলা না খেলে সিগারেট ব্যান করেন
"Asole amader ei deshe jonmo newa mone kuv durbaago, jara sorkari chakri kore tader tho chinta nai,chinta tho Private komrochari der, chakri pawa jai na,paile beton kom, kaj besi, jinesr dam o besi, tar modde lockdown..."
জন্মশত বার্ষিকী টা ভালোয় ভালোয় শেষ হোক। তারপর দেখা যাবে চিন্তা করে
"এই দেশে মিছিল, মিটিং, জন সমাবেশ,, রাষ্ট্রীয় সমাবেশ সব কিছু হয়।"
শুধু করোনার জন্য স্কুল কলেজ খোলা হয় না।
মানুষজন যেন ভয়ে টিকা নেই। এই সব পলিটিক্স তো বুঝি রে...
"ঈদের ছুটি কমিয়ে আনলে কি জনগন গ্রামের বাড়িতে যাবেনা? অতীত থেকে কি শিক্ষা হয়নি? বরং ঈদের ছুটি বাড়িয়ে দেওয়া উচিত, তাহলে গাদাগাদি করে গ্রামের বাড়ি যাবেনা। জনগনের সাথে সম্পর্ক না রেখে এসি রুমে বসে সিদ্ধান্ত দিলে এই রকমই হয়।"
শুধু শিক্ষা প্রতিষ্ঠান বন্ধ থাকে আর বাকি সব জায়গায় মিছিল মিটিং আন্দোলন অনুষ্ঠান সবই আগের মতোই চলে
"স্বাস্থ্য অধিদপ্তর নামে কি কিছু বাংলাদেশে আছে, ভুয়া নিউজ,"
বিবিসির কাছ থেকে এরকম নিউজ আশা করিনি।
লকডাউন শিক্ষার বারটা বাজাচ্ছে শিক্ষা প্রতিষ্ঠান বন্ধ থাকার কারনে বাল্যবিবাহ খুব বেশি হচ্ছে এবং অনেক স্টুডেন্ট ঝরে পরছে। তাছাড়া দেখা যাচ্ছে লকডাউন তো মাত্র নামে সামাজিক ভাবে কেউতা মানছে না। এমন কি শিক্ষা প্রতিষ্ঠানের কোন শিক্ষক ও না। যদি তাদের বেত্ন বন… See more
"রাজনৈতিক পরিস্থিতি অনুকুলে না এলে, কোন অবস্থায় বিশ্ববিদ্যালয় এবং কলেজ খুলে দেয়া ঠিক হবে না।"
প্রয়োজনে লকডাউন দেয়া হবে।
২৬ -২৭ তারিখের পরে কমে যাবে
"আমি মনে করি আবার দিলে রাস্তায় বসে যেতে হবে,এটা যেনো কখনো না করে"
"যেখানে সাউথ আফ্রিকা ভারতের ভ্যাক্সিন ফেরত দিয়েছে, সেখানে বাংলাদেশ ভারত থেকে হাজার কোটি টাকার ভ্যাক্সিন নিয়ে এসে অর্থের অপচয় করলো আর কিছুই না"
Deshe to notun virus duke gece.... Aita bolce na kno.. Akhn o awareness hocce na kno..
Good idea . Please start from 23rd March
লক ডাউন না দিয়ে মাছ বাজার সবজি বাজর সকাল ৯টা থেকে ৩টা পযনত করে দিলে ভাল হয় কারণ বেশি সমাগম হয় মাছ বাজার কাচা বাজার এগুলেতে
ছাগলামি
নির্বাচনের পর খেলা দেখা যাবে।
লাফিয়ে লাফিয়ে বাড়বে।
বুস্টার ডোজের অপেক্ষায় আছি।
"শেখ মুজিবের জন্মদিন,,ও দাদা মোদীর আগমন উপলক্ষ্যে আল্লাহ তা,য়ালার পক্ষ থেকে উপহার?"
সব ধরনের জনসমাবেশ বন্ধ রাখতে হবে বাজারব্যবস্থার খুব শক্তভাবে মনিটর করতে হবে যেন কোনো প্রকারেই বেশি জনসমাগম না হয়
স্কুল কলেজ বন্ধ রাখার আর কি কৌশল বাকি আছে?
লকডাউন করবে ভালো কথা কিন্তু প্রত্যক ঘড়ে ঘড়ে জেন আগে খাবার পোঁছানো হয়
Lockdown dile to ischa Moto lote pute khaite paro
লকডাউন দেওয়ার আগে অনার্স ৪র্থ বর্ষের ভাইবা টা নিক নাহলে এ জীবনে অনার্স শেষ করা আর হবে না
আপনাদের যা ইচ্ছা করেন সমস্যা নাই তবে জনগণকে তিনবেলা খাবার দেওয়ার পর।।
সামাজিক দূরত্ব স্বাস্থ্যকর্মীরা ও মানে না একজন টিকা দেয় পাঁচ ছয়জন ছবি তুলছে
আমরা নিম্নমধ্যবিত্তদের জীবন ডাউন হওয়ার পথে আর তারা আসছে লক-ডাউন এর ভয় দেখাতে
ফালতু কথা। নতুন করে লকডাউন আদতে অর্থনৈতীক আত্মহত্যার সামিল হবে।
সামনে ঈদ এমন কোনো কিছু করবেন না যাতে করে ব্যবসায়ীরা দ্বিতীয় ধাপে আবার ক্ষতির স্বীকার হয়।।
"লকডাউন করার প্রয়োজন নাই, মানুষের মাঝে সচেতনতা তৈরি করতে হবে। ইনশাআল্লাহ সব স্বাভাবিক হয়ে যাবে।"
গত লকডাউনে তাদের অনেক লাভ হইছে। লকডাউন তো চাইবেই। কিন্তু জনগন চায়না।
প্রচুর পরিস্থিতি খারাপ... লকডাউন দেয়াই উচিৎ। আগে সাস্থ বাকি সব পরে। মে আল্লাহ বি ইউথ আস...
Ei dese r kono lock down hbe na
"আজকের মুজিব মেলাতে যা ভিড় লক্ষ্য করলাম ,তাতে করে এই একদিনে করোনা ২৫০০ যুক্ত হবে... আর এই লীগ মেলা চলবে ১০ দিন ধরে! তাহলে ২৫০০x১০ = ২৫.০০০ হাজার এই এক লীগ মেলা থেকে ..আর রমজানে বাজার ও ঈদ ভ্রমন নাইবা বললাম ..."
টিকার ব্যাবসা বাড়ানোর ধান্ধা।
Etudin news Update off rakhsen ekhn hotath update er karon ki?
কিসের করোনা বাংলাদেশে যে চাল তেলের দাম বারছে কই কেউ তো বলেনা সবাই আছে ক্ষমতা নিয়ে জনোগনের কথা কেউ বলে না যদি এ ভাবে চলে তা হলে সরকারের কি দরকার
Agula hola sikhapotistan na kholar bahana
এর জন্য দ্বায়ী - ১) নির্বাচন কমিশনার ২) পর্যটন মন্ত্রনালয়
৩)আর যারা টিকা না দিয়ে ফটোসেশান করেছে
রমজান আসায় শয়তান লকডাউনে যাবে
এবার শয়তানের বাচ্চারাও লকডাউন চাচ্ছে
মালেক্কা একবার দ্রব্যমূল্যের দামের দিকে তাকিয়ে দেখেন
Modi jei din Bangladesh asar nam nay sei din thekei Bangladesh corona bere jay
এসব কিছুই মদিজির ফজিলত প্রকাশ করে। মদি আসতে চাইলে এসে পরে করোনা!
এর দায়ভার সম্পন্ন বিএনপিকে নিতে হবে। কারণ তারা আন্দোলন না করলে করোনা আর আমাদের মাঝে ফিরে আসতো না।
Priyo Das india te ja hbe edero same hbe
"আন্দোলন দমানোর কৌশল নয়তো,"
লকডাউন দেয়ার আগে দয়া করিয়া আমার একাউন্টে তিন মাসের বেতন দিয়ে দিবেন নইলে কিন্তু আমি লকডাউন মানবো না
দরকার।
"হয় লকডাউন+ বয়স্কদের টিকা, নয় সব খোলা+ সবার জন্য টিকা। আধা এই, আধা ওই দিয়ে হয়না আর।"
লকডাউন নয়। যারা উদাসীন সে সকল মানুষগুলোর মস্তিষ্কের ট্রিটমেন্ট করা প্রয়োজন।
৪১ তম (বিসিএস ক্যাডারের) পরীক্ষা আগামী ১৯-০৩-২০২১ তারিখে পরীক্ষার্থী ৪ লাখ ৭৫ হাজার। করোনার সঙ্গে খেলা টা হবে জমবে এবার দেখা যাক (করোনার) শক্তি বেশি না (বিসিএস) পরীক্ষার শক্তি বেশি।
Are khaya Kam nay lockdown maray kaner neca dewa ocit apnago
করোনা স্কুল খোলার কথা টের পেয়ে গেছে
"মুদি বাংলাদেশে আসতে চাইলেই করোনা বাড়তে থাকে,, যেমনটা গতবছরও হয়েছিলো"
"পৃথিবীর ইতিহাসে তৈরি করা সবচেয়ে বড় রকেট ""স্টারশীপ"""
"উচ্চতা ৩৯০ ফুট ,ব্যাসার্ধ ৩০ ফুট্ভ‌র ৫০ লক্ষ কেজি।"
"""স্পেস এক্স"" রকেটটি তৈরি করে।… See more"
লকডাউন দিলে
মৌখিক নয় কার্যকর লকডাউন দিতে হবে তবে সংক্রমণের হার কমবে।
আমাকে একটা সরকারী চাকরীর ব্যবস্থা করেদিয়ে আজীবনের জন্য লকডাউন দিলেও কোন আপত্তি থাকবেনা।
শেখ হাসিনার নেতৃত্বে করোনা সফলভাবে মোকাবিলা করার পর এখন আবার কোন হালারা লকডাউন চাই!??
লকডাউনের রসিকতা মোডে আর ভালো লাগে না।
এই দেশে লকডাউন নাম এ আছে কিন্তু কাজ এ নাই।
গভারমেন্ট জব যারা করেন! তাদের সারাজীবন লকডাউন থাকলে প্রব্লেম নাই! প্রব্লেম আমাদের! যারা বেসরকারি জব করেন! সুতরাং লকডাউন দিয়েন না!
"আবার শুরু হয়েছে-★ শয়তানী গজব মিডিয়ার ""কোরোনা গুজব"" --- আর্থনীতির তেইশমারা শেষ----"
★জ্বর-সর্দি ও হাঁচি-কাশি মানেই কোরোনা ভাইরাস নয় ---
"♪ যদি কখনোও কোরনাও হয়,
চিকিৎসা করলে কোরোনা ভালও হয়।।… See more"
মোদির আগমন উপলক্ষে
"আমি ২০ টাকা দিয়ে ১৪০০০ এসএমএস কিনছি। এই সেবাটি অনেক বার গ্রহণ করেছি। কিন্ত এইবার অনেক বড় সমস্যা হয়। আমার রবি সিমে গতকাল থেকে কেউ মেসেজ দিলে আসছে না, আর আমি কাউকে পাঠালেও যাচ্ছে না। অনুগ্রহ করে একটু সমস্যা টা সমাধান করে দিন"
কি বলেন করোনার জন্ম বার্ষিকী চলতেছেনা তাই একটু জমকালো আনুষ্ঠানিক বাবে সবাইকে মাতাচ্ছে আরকি
লকডাউন হলেতো ব্যাট টেক্স বন্ধ হয়ে যাবে এতে সরকারের স্বাস্থ্য ক্ষতি হয়ে যাবে
"মোদি আসবে দেখে করোনার দোহায় দেওয়া,হচ্ছে... অ ত ইসলামের শত্রু, আর আমরা যারা আওয়ামীলীগ করি তাদের মধ্যে যারা মুসলিম তাদের উচিত হবে এই মুনাফেক কে বয়কট করা...আর সাংবাদিক ভাইয়েরা মোদি র ব্যাপারে নিতিবাচক শব্দ লিখুন"
লকডাউন দিয়ে সবাইকে সেন্টমার্টিনে পাঠানোর ব্যবস্থা করা হোক
Besir vag BD people mask pore na --- main cause
- আমাদের পেইজ টি ঘুরে আসার আমন্ত্রণ রইল
"- আপনাদের সামান্য
সাপোর্ট আমাদের এগিয়ে যাওয়ার অনুপ্রেরণা"
আমরা করোনার চেয়েও শক্তি শালী।
"শুধুমাত্র মাস্ক পড়া নিশ্চিত করতে পারলে, কোন লকডাউন প্রয়োজন হবেনা !"
মুদি আসার আগেউ দেয়া হোক লকডাউন। করোনা আমাদের জানোয়ার থেকে রক্ষা করুন।
No more lockdown. It is very painful for human life.
কোন লকডাউনের দরকার নাই। এক লকডাউনেই জিবনের বারোটা বাইজা গেছে আর দরকার নাই।
দূর্নীতি ঠেকাতে যদি অভিযান চাইতো কতইনা সুন্দর হত।
সংক্রমণ ঠেকাতে গিয়ে আরেকটা মালেক ড্রাইভার বানানোর ধান্দা।
"জেলায় জেলায় বাণিজ্যমেলা খোলা দিয়ে আবার লকডাউনের চিন্তা করে,,,,, সব পাগলের মেলা।"
Ai poristhitite oti druto lockdown deya dorkar... Na hole amader pore onek postaite hobe....
Ami khub taratari lockdown ar shidhante asha dorkar......
লক ডাউন দিলে তো আপনাদের পকেট ভারী হয়। নতুনভাবে টাকা মারার ধান্দা আর কি।
লকডাউন যেদিন দিবেন সেদিন মধ্যবিত্ত ও গরিব পরিবারের সদস্যদের খুঁজে মেরে ফেলুন ।
ফ্রি ফ্রি বইসা বইসা বেতন পায়।যা ইচ্ছা তা বলতেই পারে করোনা সংক্রমণের জন্য এরা ১০০% দায়ী
ভ্যাকসিনের টাকা গুলো ফেরত চাই।
দেশে লক ডাউনের আগে বাজার নিয়ন্ত্রণ জরুরী ।
লকডাউন দরকার নেই।
সাধারণ মানুষের দরকার নেই লকডাউন।
স্বাস্থ্যবিধি মেনে চললেই হবে।
আমরা চাই না লক ডাউন কারন আমরা দিন আনি দিন খায় কেউ আমাদের সাহায্য করেনা।
কোনো দরকার নাই
লকডাউন দিলে এতে সরকারি চাকরিজীবীদের জন্য আনন্দের কিন্তু যারা দিনমজুর তাদের জন্য আজাবের সমতুল্য
"সমস্যা নাই, ৩ বেলা বাসায় খাবার দিয়ে লকডাউন দেন, সমস্যা নেই"
বঙ্গবন্ধু শেখ মুজিবুর রহমানের জন্ম শতবার্ষিকী উপলক্ষে শিবগন্জ ফাজিল ডিগ্রী মাদ্রাসায় অনুষ্ঠান কর্মসূচি পালন করা হলো।
"করোনা, লকডাউন, এগুলা সব মনের ব্যাপার।আপনাদের যা ইচ্ছে করেন.."
"স্বাস্থ্য অধিদপ্তরের হুগা মারা দেওয়া উচিৎ,,, চুর বাটপার সব,,,"
"সব হইছে রাজনৈতিক বাহানা, আসলে পরিস্থিতি কিছুইনা,"
"যদি লক ডাউন দিতেই হয় তাহলে মাথা পিছু মাসিক ৳৫,০০০ করে হাতে পৌছে দিয়ে তারপর লাডাউন ফকডাউন যা দেওয়ার দিতে পারেন"
এ স্লোগান দিয়ে দিয়ে নিম্ন ও মধ্যম আয়ের মানুষদেরকে বেঁচে থাকার অধিকারটাও ছিনিয়ে নিচ্ছে চেতনা বাজরা
লক ডাউন না হলে পরে করোনা পরিস্থিতি নিয়ন্ত্রণ করা সম্ভব হবে না।
সাধারন মানুষের রুজি রোজগার নিয়ে ভাবা উচিত।
এখন লকডাউন দিলেও কেউ আর মানবে বলে মনে হয় না।
এখনতো করোনা বাড়বেই। শিক্ষাপ্রতিষ্ঠান খোলার ঘোষণা হয়েছে যে......
লাভ কি? পাবলিকেরে কেউ ঠেকাইতে পারে?
"Say ""No"" to all kinds of lockdown......."
"স্বাস্থ্য সচিব বনাম পিএসসি'র চেয়ারম্যান, লড়াই চাই"
সে এতই সম্মানী ব্যক্তি যে!
সে আসার আগেই করোনাভাইরাস তাকে ওয়েলকাম করার জন্য হাজির হয়ে যায়।… See more
"দিয়ে দাও,নইলে সরকার পতন নিশ্চিত"
জীবন জীবিকার কথা চিন্তা করে লকডাউন না দিয়ে আমার মনে হয় নিদিষ্ট সময় বেঁধে দেওয়া যেতে পারে৷
"লকডাউন দিলে গরিব-দুঃখী মধ্যবিত্তরা কিভাবে চলবে, তাদের সংসার চালাবে কে"
হুম ঈদের 10 দিন আগে
মামার বাড়ির আবদার. গরীব মানুষদের না খেয়ে মারার ফন্দী..
আর এদিকে ১৯ তারিখ বিসিএস পরীক্ষা। যাক খেলা জমবে ভালো!
শিক্ষার্থীদের আন্দোলনের ঢরে লকডাউন চায় সরকার
ভাবুন তো! মোদী দা বাংলাদেশে আসতে চাইলে ই করোনা বৃদ্ধি পায়।
ঠিক কিনা বলুন?
লকডাউন দিয়ে ২৬ শে মার্চ পুরো দেশ অচল করে দিন।
"কোনো লক ডাউন হবে না, স্বাস্থ্য মন্ত্রণালয় অাগে দূর্নী তি মুক্ত করেন।"
তারপর কথা হবে
মার্চ মাসের সাথে করোনা ভাইরাসের একটা ভালোবাসা আছে।
লক ডাইন দেয়া আর সাধারন মানুষ মা রা এক কথা
আপনাদের মতো সবাই তো আর মুজিবকে বেচে খায়না।আপনারা নিজে নিজে লকডাউন হয়ে যান আমাদের কে ছেড়ে দেন।
লক-ডাউনের আগে ১৯ তারিখের বিশাল গণ-জমায়েত বন্ধ করা হউক।
"করোনা ভাইরাস খুব চালাক,স্কুল খোলার সময় হয়েছে তাই।"
Amra sudhu chai sasto montrir basa lockdown dewa hok
আমি বাদে সবাই মরে যাক
স্কুল খোলার কথা বললেই করোনা বেড়ে যায়। এটা হাসুদির খেল বুজা দায় আমজনতার।
লকডাউন স্বাস্থ্য মন্রীর দরকার
"স্বাস্থ্যসেবার মান ঠিক করেন,লকডাউন নিয়ে নাক গলানোর দরকার নাই।"
বাংলাদেশে আবার লকডাউন শুরু করা উচিত
বাংলাদেশের ভঙ্গ ভ্যাকসিনের পরিক্ষার অনুমতি কেনো দিচ্ছে না সরকার?
স্বাস্থ অধিদপ্তর তো প্রথম থেকেই লকডাউনে আছে।
লকডাউন দিয়ে লাভ কি যদি রুমে থাকার পরও করোনায় আক্রমণ করে। তার প্রমাণ সরকারি অনেক কর্মকর্তা/কর্মচারীদের দেখি সুধু আক্রান্তই হয়নাই মরেছেও অনেক। তারা রুমেই ছিল।
এইবার যদি লকডাউন হয় মানুষ না খেয়ে মরবে
এদের নুরের মত আলোচনায় থাকার ব্যার্থ চেস্টা!
সেটা মোদী এসে যাওয়ার পর বিবেচনা করব।
"নাটক শুরু হইছে ঈদ সামনে এখন আবার লকডাউন দিবে
গরিব মানুষ সব না খেয়ে মরুক আমলাদের পোকেট তো ভরা"
"সমগ্র বাংলাদেশ পুরাপুরি লকডাউন দিন,,,,"
কিয়ামত পর্যন্ত।।
এই সময় যদি আবার লকডাউন দেন #জাতির_পিতা মাইন্ড খাইবে!
"স্বাস্থ্য অধিদপ্তর আগে নিজে ঠিক হোক, তা হলে দেশ থেকে করোনা এমনিই চলে যাবে।"
কিন্তু তারা ৭-৮ লক্ষ লোকের সমাগম এ বিসিএস পরীক্ষা নিতে চায়
শালার ঘরের শালা
"30শে মার্চ স্কুল, কলেজ,মাদ্রাসা খোলার কথা বলছে তাই এখন লকডাউনের দরকার পড়ছে।"
"স্কুল,কলেজ,খোলার নির্ধারিত সময় চলে আসলেই করোনা বাড়তে থাকে এ দেশে...."
Not Support any Lockdown. But support awareness.
শুধু শিক্ষাপ্রতিষ্ঠান খুলে বাকি সব লকডাউন করা উচিত
না test বাড়িয়ে দিয়েছে তাই শনাক্তও বেশি হচচে।
আর একবার লকডাউন দিয়ে ssc পরিক্ষাটা অটো পাস দেওয়ার জোর দাবি জানাচ্ছি
"আমরা লক ডাউন চাইনা, বাপদাদারা ৭৪/৭৫এর দুর্ভিক্ষ দেখেছে। আমারা দেখলাম ২০ সালে।"
তারাবীহ বন্ধ করার চিন্তা আছে!
আপনারা লকডাউন দেয়ার আগে দেশের জনগণকে বলে দিবেন: আগে থেকেই।
দেশের মানুষ না খাইয়া মরুক
এবার লকডাউন কোনো কাজে আসবেনা।
নতুন বিয়ে করেছি লোক ডাউন দিলে ভালো হয়
"আমরা (বাঙালি ) জাতি হিসেবে ব্যাঙ,"
আমাদের ( বাঙালি) কে ওজন করা যায় না।
বাণীতে- আইয়ুব খান
"ভালোই হবে। আমি একলা বেকার বসে আছি ভালো লাগে না, সবাই আবার একসাথে বেকার হই চলুন"
"বাংলাদেশে লকডাউন দরকার, কিন্তু পাশাপাশি স্বাস্থ্য সচেতনতা খুবই জরুরী প্রয়োজন।"
মোদি আসার কথা শুনলেই শনাক্তের হার বাড়ে
শিক্ষানবীশকাল শেষ হওয়া সকল শিক্ষানবীশ আইনজীবিকে সনদ দেয়া হোক।
"আরে ব্যাটা বিষয় ওটা না ,বিষয় হচ্ছে স্কুল, কলেজ খোলার সময় হয়ে আসছে এখন না বাড়লেই নয়।"
"নতুন রাজনীতি শুরু, সিন্ডিকেট দের কারসাজি।"
সব লকডাউনের সঙ্গে সঙ্গে পেটেও লকডাউন দিয়ে দিয়েন।(বানীতে আমজনতা)
শালার পুতেগ বেতন বন্ধকরে দেওয়া হোক
বিবিসি বাংলা কে বাংলাদেশ থেকে চিরতরে লকডাউন করা হোক।
শয়তান মিডিয়া।
জরুরী ভাবে গন সচেতনতার বেশি দরকার আর মাস্ক বাধ্যতামুলক করা..................
আমার মনে হয় গত বছরের ন্যায় অফিস আদালত দুই মাস ছুটি ঘোষণা করা উচিত
"বাদ দেন স্কুল খোলার দরকার নাই
তাও লক ডাউন দরকার নাই"
"জনগন বেশি কাবিল, ,,,,,বাইরে বের হইলে দেখবেন, ,৭০% লোকের মুখে মাস্ক নাই,,,তাই মরতেছে,,,, র ও মরুক"
শিক্ষা প্রতিষ্ঠান না খুলতে পারে যেন সেই জন্য বাড়তেছে
স্কুল কলেজ খোলার সময় কাছাকাছি এসেছে তাই এসব খুব দেখা দিচ্ছে
মোদি আসলেই বাড়বে কারন ও জানোয়ারদের একজন।
নো লকডাউন । মরার পরে যা থাকবে তাই নিয়া হোক আগামির সুন্দর দেশ।
১মাসের জন্য কঠোরভাবে লক ডাউন দেওয়া হক। এ ১ মাসে করোনা মুক্ত বাংলাদেশ করতে হবে।
সব চোখ ঈদের ছুটির দিকে কেন বুঝি না
বাংলাদেশে করোনাভাইরাসে সংক্রমণের হার বেশ কমে এলেও গত কয়েকদিন ধরে তা আবার বাড়তে শুরু করেছে।
আমরা আর লকডাউন চাই না...
লকডাউন আমাদের মত গরীব দেশের জন্য নয়। … See more
ভেটো দিলাম।
ফাইজলামির একটা লিমিট থাকা উচিত।
আগে বিসিএস পরীক্ষা পিছানো হোক।
কোন দরকার নাই
এসব ভুয়া থিউরি দিয়ে নিজেদের গোডাউন ভারি করার সিস্টেম নাকি
স্বাস্থ্যবিধি মেনে সব খোলা থাকবে আশা করি ...
Kutter bassa ra desh take destroy kore dilo
লকডাউন ছাড়া যে ইস্কুল বন্ধ করা যাচ্ছে না সো দাও লক করে।
লকডাউনে কি আবার নকল পিপি নকল ঔষধ নকল সার্টিপিকেট এর ব্যবসা করবেন।
সরকারী চাকরী ওয়ালারা লকডাউন পাইলেই আর ঠেকায় কে। ঘরে বসে বেতন ভাতা। সাধারন পাবলিক বোজে কত ধানে কত চাল।
মানুষ না খেয়ে মরবে
"আমিও তাই মনে করি,, কারন পরিষতিথি খারাপ হলে,সামাল দেবার ক্ষমতা আমাদের নেই।"
সামনে রোজা আর এখন কিচ্ছা কাহিনী শুরু হয়ে গিয়েছে।।।
লক ডাউন দিলে প্রতিটি পরিবারের ভার কে বহন করবে?
Lock down dea tomake vore dawa uchit.
কোনো লকডাউনের দরকার নাই। লকডাউন দিয়ে মানুষকে কষ্ট দিয়ে লাভ নাই।
"লকডাউনের দরকার নেই।তবে অন্যান্য সচেতন মূলক কর্মসূচি দেওয়া যেতে পারে।যেমন বাধ্যতামূলকভাবে মাস্কের ব্যবহার,হ্যান্ডসেনিটাইজার ব্যবহার,বেশি সভা সমাবেশ না করা,বড় বড় শপিংমল ও হাটবাজারে সোস্যাল ডিস্ট্যান্স মেনে চলা ইত্যাদি।"
"এক লকডাউনে অবস্থা খারাপ হয়ে গেছে, যা এখনো কাটিয়ে উঠতে পারিনি। আবার লকডাউন দিলে এবার পরিবার নিয়ে মরতে হবে।"
মরলে পরিবার একা মরবো। কাজ না থাকলে পরিবার নিয়ে মরতে হবে।
বাণ্টির সাবান অত্যন্ত স্লো..... সংক্রমণ রোধে ৪ নং প্রস্তাব দ্রষ্টব্য।
dei na kn ekhono
"যতদিন লগডাউন থাকবে, ততদিন কোন বেতন পাবেনা সরকারি সমস্ত চাকরি কর্মচারী, এমন একটা ঘোষণা আসুক তারপর দেখি কে কে লগডাউন চায়।"
"তাহলে একটা কথা বলতে চাই,,এদেশে কি করোনা আক্রান্ত হওয়া বাকি রয়ে গেছে,,না সবে মাত্র শুরু হয়েছে।"
"যাদের ভাই টাকা পয়সা বালিসের নিচে আছে ঘুন পুকে খাচ্ছে তাদের বাহিরে যাওয়ার দরকার নাই,তারা বাড়ীতে লকডাউন পালন করেন আর করোনা থেকে রেহাই পান,,মরন আপনাদের বাড়ীতে য… See more"
প্রয়োজন নেই ইনশাআল্লাহ।
স্বাস্থ্য অধিদপ্তর একটা দালালী প্রতিষ্ঠানে পরিণত হয়েছে।
চাটার বাচ্চাদের চাটার ইচ্ছে জেগেছে আবার।
"বাংলাদেশ করোনা বাড়েনি,, স্কুল কলেজ না খোলার ফন্দি,,"
লকডাউন দিলে স্বাস্থ্য মন্ত্রনালয়ের চুরি করতে সুবিধা হয়
নো মাস্ক নো সার্ভিস চালু করতে হবে। কোয়ারিনটাইন নিয়ম কঠোর ভাবে পালনে সকলকে বাধ্য করতে হবে।
Exam e to onk manush aksath hobe.tokhon to covid 19 aro barbe.
ভা্য তের কাছে দেশ হস্তান্তরের জন্য লকডাউন চায়
বাংগালী আর ঘুমাসনে
স্কুল-কলেজ না খোলার একটা ধান্দা এগুলো সব
স্কুল কলেজ যাতে না খোলতে পারে তাই।
মুদি আসার খবর পেয়ে বেরে গেছে
সরকারি চাকরি করা লোক গুলো চায় না প্রতিষ্ঠান খোলা হোক।
তারা বসে বসে বেতন পাচ্ছে। আরামে খাচ্ছে। দেশের বারোটা বাজলে সমস্যা কোথায়।
Na please lockdown na.
"যারা ভ্যাকসিন ব্যবহার করেছে শুধুমাত্র তাদের জন্য লকডাউন দেওয়া দরকার, সাধারন জনগনের লকডাউনের দরকার নাই,"
Lockdwn to borolok der jonno holidays r nimnobitto r moddobitto ra to na kheyei more jaby
দেশে করোনা নামক কাল্পনিক যাদুর আচর লেগেছে। দরবারের বাবারা যে যার মত করে ব্যবহার করছে।
সাধারণ জনগণের লকডাউন লাগবো না ভাই স্বাস্থ্য অধিদপ্তর আর মন্ত্রী পরিষদের লকডাউন দেয়া হোক
যেখানে এই ভাইরাসের জন্ম হলো সেখানে তো লকডাউন দ্বিতীয়বার দিলোনা।
"লকডাউন হবে না,হবে লোক দেখানো ডাউল।"
আন্দোলন বাড়ায় করোনা ভাইরাস এর প্রকোপ ও বেড়ে গেল।
ও খোদা তুমি কিছু কও এইবার আমি আর কিছু বলব না।
লকডাউন না দিয়ে মানুষের মাথা টা লক করে
করোনা হাটাও দেশ বাঁচাও
"লকডাউন বলে বাংলাদেশে কিছু নেই,সুতরাং এই টার্ম অ্যাপ্লাই করা আর না করা একই কথা।"
বিদ্যালয় খুলে দেওয়ার সময় হয়েছে তো যার কারনে করনার নাটক বারিয়ে দিয়েছে
উন্নত দেশে যেখানে লকডাউন বিদ্বেষী আন্দোলন হয় সেখানে আমাদের মত দেশে লকডাউন বেমানান।
"মিছিল মিটিং জনসভা অনুমতি দিবেন, আবার লকডাউন দিবেন। ভালোই তো।"
"এখন ৭০ টাকা কেজি হয়ছে চাউল,,লক ডাউন চাইলে ৭০×২=১৪০ হবে,,, সালার অধিদপ্তর,,,।"
জন্মশতবার্ষিকীতে কোন লকডাউন হবে না শুধু চিল হবে... হুররে!!
আর লগডাউনের দরকার নেই।লগডাউন দিয়ে আর দেশের ক্ষতি করার দরকার নেই।
লকডাউন এর ব্যবস্থা করা হোক
স্কুল কেয়ামত পর্যন্ত বন্ধ রাখা দরকার
দেশের 90% লোক লকডাউন চায় না
ডেঞ্জার জোন বিবেচনা করে লকডাউন দেয়া যেতে পারে
লকডাউন দিলে মানুষ তো না খেয়ে মরবে
আতংক তৈরী করবেন! করোনার চেয়ে আতংক মহা বিপজ্জনক!
তাইলে ভেক্সিন দিয়া এনে কি হল আমাদের। শুধু শুধু আমাদের টাকা অদেরকে দিয়া আসল
নিম হেকিম খতরে জান
নিম মোল্লা খতরে ঈমান
যে লকডাউনে মানুষ ন্যূনতম অধিকার পায় না সেই লকডাউন বাংলায় কোন দরকার নাই।
"ফালতু চিন্তা বাদ দিতে বলেন, কোন লকডাউন চায়না জনগন"
বাংলাদেশ একটি আজব দেশ স্কুল কলেজ খুলতে ধরলে সংক্রমণ শুরু করে
"লকডাউন দিলে মন্ত্রীদের চুরিচামারি করতে খুবই সহজ হয়।আন্দোলন নাই কিছু নাই,শুধু আনন্দ আর আনন্দ"
মোদি পিষাসের হাওয়া লাগছে তাই করোনা বেরে গেছে
লকডাউন এর সাথে সংসার খরচ টাও দিলে ভালো হয়।
মানুষ না খেয়ে মরবে।
জনগন দু বেলা ঠিক করে ভাত খেতে পারেনা সেখানে লকডাউন কোন চ্যাটের জন্য
অতি তাড়াতাড়ি সিদ্ধান্ত নিতে হবে না হলে ভয়াবহ পরিস্থিতি সৃষ্টি হতে পারে
লকডাউন দেয়া শিক্ষার জন্য কিছু পাছাটা গোলামদের বিদেশে পাটানো হক।
কোন কিছুর দরকার নাই।সোহরাব চাচা একাই যথেষ্ট।
মাথা খারাপ নাকি।আর সম্ভব না। আমার মনে হয়
"আমাদের পরীক্ষার কি হয়,,সেই চিন্তাই করছি"
সাস্থ্য অধিদপ্তরের আঁতেল গুলার ব্যাংক হিসাব যাচাই করা হোক
মোদি সরকার আসিতেছে লগডাউন দেওয়া যাবে না।
মাথা মোটারা কি বলে তা দেখার সময় নাই
দিনে শত শত মানুষ মারা গেলেও কোন লকডাউন হবে না।
আমরা সাস্থ বিধি মেনেই কাজ করবো।
এই বিষয়ে সরকার কে কঠিন সিদ্ধান্ত নিতে হবে। … See more
নিরাবিলি মদি দাদা বাসর ঘরে ড়ুকবে বলে কথা
কেন? করোনা বেকসিন গেল কোথায়??
স্বাস্থ্য অধিদপ্তরের চিকিৎসা লাগবে।
Abr jodi lockdown deya hoi tahole er theke kharap news r kisu e hbe na r amr ai life a graduation o complete hbe na
Desh ochol hoy a jabe
kobe je aetar sesh dekhbo reeeeeeeeeeeeeeeeeeeee vai
"কি আর করবে, স্কুল কলেজ বন্ধ করে দেওয়া হোক আর সব কিছু খুলে দেওয়া হোক।"
অবশ্যই লকডাউন প্রয়োজন
এইবার লকডাউন দিলে মানুষ না খেয়ে মরবে
Fact hoise Modi
Tai virus natok suro
Hoise
অবশ্যই এটা সকল বেসরকারি কর্মকর্তা কর্মচারীদের জন্য হুমকি স্বরুপ৷৷৷
Chaler KG 70 - 140 korar dandha
না খেয়ে মানুষ মারা যাওয়ার জন্য!!!!
আচ্ছা স্বাস্থ্য অধিদপ্তরের কাজটা কি!!!… See more
school kholar kotha sunche j.....
আগে বাঁচতে হবে তারপরে কাজ করতে হবে
"কিসের লক ডাউন,দালালী ঢুকিয়ে দিতে হবে"
ভাইরে রমজান মাসটায় মসজিদে ইবাদত করার সুযোগটা দিয়েন।
মোদি বিরুদী আন্দল যাতে না হয় সে ধান্ধা
"কোনো দরকার নেই, আল্লাহ পাক সবাই কে ভালোই রেখেছেন"
১৮ তারিখ থেকেই লকডাউন দেওয়া হোক
"বর্তমানে কভিডে-১৯ এ যা মারা যায়, লকডাউন দিলে না খেয়ে তার থেকে অনেক বেশী লোক মারা যাবে।"
তাতে কেন লাভ হবে না।
"মাঝখান দিয়ে দেশের কিছু চাল,ডাল,তেল ইত্যাদি ইত্যাদি চুরি হবে।"
স্বাস্থ্য অধিদপ্তরের হেডা ভাঙ্গার দরকার
তোমরা এই আবার এগুলো শুরু কর যেনো সাধারন মানুষের না খেয়ে মরে
Na vai lockedown chai na.
"করোনা কিয়ামত পর্যস্ত থাকবে, লকডাউন কতদিন?"
"মুদিজি এলো বলেই এমন হয়,ও কি ভাইরাস সংক্রমণের হেতু"
দেশের যথাযথ যোগ্য শেষ হলে
২৭তারিখের পরে ভাবতে হবে
লকডাউন প্রয়োজন কি না!!!!!
lockdown chai abar nhle bangali shikkha hobena
"এখন উৎসব হচ্ছে, এই উৎসবের মধ্যে লকডাউন মানি না, মানব না।"
"বিনা বেতনে সরকারি চাকুরী জীবি দেরকে লকডাউন দেওয়া হোক,,,তখনই বুঝতে পারবে জীবন চলা কত কষ্টের...."
লকডাউন দাও
রাতের অন্ধকারে
দেশটা লুটেপুটে … See more
"ছলে বলে কৌশলে এই বছরেও শ্রমিকদের দুই ইদ বোনাস লোপাট করার ধান্দা শুরু হবে মনে হচ্ছে ,"
"কোন লকডাউন হবে না, ২০কোটি মানুষের দেশে এটা কোন সংক্রামনই না"
গরিব মানুষকে তোর বাবা খাবার দিবে
দেশটাকে ফকির করার বৃদ্ধি ভালই করতাছে
বাংলাদেশের মানুষ করনার চেয়ে ও শক্তিশালী ।
বানীতে- কে জানি কইসিল কথাটা
"Full lock down na hole o korakori kora uchit. Night time curfew, bus er seat faka rakha , ...."
লকডাউন না দিয়ে একটু বিষ দিন। আমার মতো বেকারদের
আরে পাগলের দল টিকা তো বিক্রয় করতে হবে
এসব মুদি বিরুদি আন্দোলন দমানোর কৌশল
মুদিকে করোনা দিয়ে প্রতিহত করার চিষ্টা করা হচ্ছে।
তারা করোনা কে কিছুই মনে করে না।
"লকডাউন না দিয়ে জনসমাগম কমাতে হবে,পাশাপাশি জনসচেতনতা বাড়াতে হবে,মাস্ক পরিধান বাধ্যতামূলক করতে হবে।"
Kono lov nai lockdown koray
মরলে মইরা যামু কিন্তু লকডাউন চাই না
রোজা আসছেনা এইবার ও তারাবী ঠেকানোর ধান্দা...
শুধু বাংলাদেশে না সব দেশেই
ঈদের পরে ধর্মঘাট চালানো হবে পতনের জন্য
এটি একটি নতুন ভাইরাজ যার নাম মোদী! এই ভায়বাজ রুখতে বাংলাদেশে লক ডাউন দেয়া হবে
হু---- কারেন্ট বেশি স্বাস্থ্য মন্ত্রণালয়ের
আবারও লকডাউন দরকার না হয় সক্রমন বারতে পারে লকডাউন চাই
"Tourism , college, university, market ,.... esob bondho rakhte hobe. Full lock down continued kora possible noy."
প্রয়োজন আছে
Amader tho test ay Kora hoy na
আবার চুরির চেষ্টা
হ লক ডাউন দেওয়া হোক এর সাথে ঘোষণা করা হোক বাংলাদেশের সকল স্কুল কলেজ আজীবন বন্ধ ঘোষণা করা হোক
"করোনা
দেহি বুদ্দি আছে
ইস্কুল কলেজ
খোলা টাইম হইলে আগাই আসে,,,"
এবার লকডাউন কার্যকর করা আরো বেশি কঠিন হবে।
স্বাস্থ্যবিধি মেনে সকল কার্যক্রম স্বাভাবিক ভাবে চালাতে হবে
অতি তারা তারি পুরো দেশ (১৪ বা ২১ দিনের) জন্য লক ডাউনের আওতায় আনা হউক।
আর না ভাই।
না খেয়ে মরার চেয়ে করোনায় মরবো।
অনেক কমেন্টস পরলাম যারা বলতেছেন লকডাওন দিতে আপনার টাকা আছে । জারা দিনে আনে দিনে খায় এবং মধ্যেবিত্তরা কি করব চিন্তা করছেন একবারও
"করনা থাক বা না থাক, বিকাল ৪টা পরযন্ত সব কাজ কাম শেষ করা হউক,বারো মাস।"
এখানে অনেকটাই রাজনীতির চাল আছে
কারন শিক্ষা প্রতিষ্ঠান খুলে দিতে চাইছিলো
"এই নাটকের শেষ কোথায়,,"
আরো বাড়বে মনে হচ্ছে ভাই।
This dicision will be suicidal!!!
"বিদ্বেষমুলক মনে করবে এই কথাবার্থা ,, কেননা ৯০% জনগণ লক ডাউন চাই না ।"
বাঙ্গালী লকডাউন উঠায় দেয়
এইগুলা চক্রান্ত কিছু নাই বাংলাদেশ এ।
"আর যেভাবে রাজনৈতিক কর্মসূচি পালিত হচ্ছে, এবার দেখা যাবে --"
"মনে হচ্ছে এবার SSC 4th year এ উঠব,,আহ কি যে আনন্দ হচ্ছে"
সালা সব দোকা।আর দানদা
Kono lockdown hobe na
সংক্রামন ছড়াইয়া এখন আসছে লকডাউন চাইতে। পকেট ভারি করতে চাইলে কক্সবাজার যান।সেন্টমার্টিন ও বাদ দিয়েন না
মোদি আসার কারণে নয়তো
মনে হচ্ছে আবারও সাহেদ সাবরিনার মতো কেউ কেউ ভুয়া রিপোর্ট দেওয়া শুরু করেছে
Lock down dile Coronai noi..Na khete Peye morbe manush..
এবছরও রোজার সময় মসজিদে তারাবি পড়তে পারবো বলে মনে হচ্ছে না
যা ভাববার 27 তারিখের পর ভাবা যাবে
"আবারও লকডাউন দেয়া দরকার,"
যদিও আমাদের দেশের অর্থনৈতিক অবস্থা লকডাউন দেয়ার মতো না!
ব্যাবসা হয় নাই
সবই আল্লাহর লীলা খেলা
ছাত্ররা স্কুল কলেজ ভার্সিটি খুলে দেওয়ার দাবি থেকে পিছু হটলেই সব কমে যাবে...
যত্তসব নুংড়া রাজনিতি
ফটকা নাটকের রঙ্গমঞ্চ...
মদিজির টিকায় কাজকরতাছে তা হলে।
Vat ki manus k apnara free te deben
আওয়ামী লীগের পিতা মুজিব বর্ষ পালন করার পর লকডাউনে যাবে সবাই।
আমরা আবার লকডাউন চাই। সময়ের চেয়ে জীবনের মূল্য অনেক বেশি।
সামনের নির্বাচন পর্যন্ত লকডাউন চাই
হ বারবেইতো স্কুল খোলার সময় চলে আসতেছে না।
মোদি বাংলাদেশে ঢোকার রাস্তা তৈরি করছে।
"আমি মনে করি, গুজরাটের কসাই মুদি এর জন্য দায়ী।"
"শিক্ষা প্রতিষ্ঠান আন্দোলনের হাতিয়ার, কোভিড-১৯ এর ভয় নাকি অন্য কিছু হি হি হি"
আবার এদিকে বিসিএসও হচ্ছে!!!
করোনা কি আমরা ভুলেই গেছি মনে হয়।
হায়রে দেশের লকডাউন
"হাদীছ শরীফে বর্ণিত আছে, ছোঁয়াচে রোগে সংক্রমিত হওয়ার ধারনা রাখা জাহেলী যুগের বৈশিষ্ট।"
حَدَّثَنَا مَحْمُودُ بْنُ غَيْلاَنَ، حَدَّثَنَا أَبُو دَاوُدَ، أَنْبَأَنَا شُعْبَةُ، وَالْمَسْعُودِيُّ، عَنْ عَلْقَمَةَ بْنِ مَرْثَدٍ، عَنْ أَبِي الرَّبِيعِ، عَنْ أَ… See more
প্লিজ মেলা বন্ধ করেন।
লকডাউন দিলে না খেয়ে মরা লাগবে। কাজ করতে না পারলে খাবো কি
প্রোয়োজন মনে করি না লকডাউন
৪১তম বিসিএস স্থগিত করা উচিত!
এবারের ঈদটা কী তাহলে ঢাকাতে হবে।
স্কুল কলেজ বন্ধ করে দিন তাহলে আর করোনা বাড়বে না।
তরা দেশটাকে পথের ফকির না বানানো পর্যন্ত থামবি না
আর আমরা জনগণ বর্তমান সরকারে পদত্যাগ চাই।
নরেন্দ্র মোদি আসছে চাইলেই সংক্রমণ বেড়ে যায় কেন
৪১ বিসিএস ই পারে দেশকে করোনা মুক্ত করতে।
বিশেষজ্ঞরা বলেন শীতে নাকি বারে এখন গরমে কী জন্য বাড়তেছে
দেশের মানুষরে অাবার শেষ করত চাইতাছে।
এই সুজুগে মাস্ক ব্যবসায়ী রা মাস্ক কিনে স্টোর করে রাখেন।
"তিন বেলা খাবারের নিস্চয়তা দিয়ে লক ডান দিলে ধন
‍
্যবাদ"
সামনে ঈদ তাই লকডাউন দিয়ে ব্যবসায়ীদের বাঁশ দিয়ে দেন
ব্যাপারটা সত্যিই ভাববার বিষয়।। কিন্তু লকডাউন হলেতো আমাদের অবস্থা আরো খারাপ হয়ে যাবে।
Need 1week not more than.
সরকারি চাকরি যারা করে তারা তো লকডাউন চাইবেই। ঘরে বসে বেতন নিতে সবাই চায়।
Kono lockdown colbe na
আমরা করবোনা চেয়ে শক্তিশালি।
ট্যাং ভাইঙ্গালবাম।
মানুষ কি না খেয়ে মারা যাবে??
"সরকারি ভাবে ঘরে ঘরে খাবার পৌছে দিয়ে, তারপর সারা'বছর লকডাউন দেন সমস্যা নাই,"
দয়া করে লগডাউনের কথা ভুলেও মুখে আন বেন না
শাওয়া পাতালে লাত্থি মারুমু হারামি গো
"স্কুল কলেজ তো বন্ধ,লক ডাউন আর বাকি থাকে কয়"
মনে হয় সবার ঘরে গোলা ভরা খাবার আছে।
এইতো রমজান ও কাছে আসছে।
লকডাউন দেওয়ার আগে
"চাউল চোরদের জেলে ঢুকিয়ে রাখুন,"
নয়তো তারা আবারও ঈদ পালন করবে।
বিবিসি তো বাংলাদেশ কে বাঁশ দিতেই বসে থাকে।
স্কুল খোলার সময় হয়েছে। একারণে করোনা ব্যাটা ক্ষেপে গেছে। করোনা ব্যাটারা চাই না বাংলাদেশের ছেলেমেয়েরা শিক্ষিত হোক; জাতির মেরুদন্ড ভেঙ্গে ফেলাই করোনা ব্যাটার উদ্দেশ্য।
মুজিব বর্ষ শেষ।
করোনা সংক্রমণ আবার বেরে যাচ্ছে।
Comment e bole dey konta sotto. Donnobad
School college er jonno aro 5 bosor lockdown chai
আর কিছু মাস সবাইকে সতর্ক থাকতে হবে।মুখ বন্দনী ব্যবহার করুন সবাই।
"জারা বাহিরে জাওয়ার জন্য টাকা পয়সা জমা দিছে এবং টিকেট ওল রেডি পেইন্ডিং এ আছে তারা বি পদে পরে জাবে,"
ভ্যাক্সিন ছাডাই আমরা ভাল ছিলাম দেখা যাচ্ছে।
"১৮ এর নিচে লক্ষ লক্ষ শিক্ষার্থীদের পূর্ববর্তী শারীরিক রোগ এর জটিলতা রয়েছে , তাদের দিকটা একবারও ভাবা হচ্ছেনা কেন ? দেশে ঘরে ঘরে নিত্য নতুন করোনা স্ট্রেইন নিয়ে বিদেশফেরত যাত্রীগণের আগমন যখন বন্ধ করা সম্ভব নয় , তখন শিক্ষাপ্রতিষ্ঠান খুলে দেবার মতন সিদ্ধান্… See more"
"স্বাস্থ্য অধিদপ্তরের সুপারিশ অমান্য করেই ৪১ তম বিসিএস পরীক্ষা নিতে যাচ্ছে পিএসসি।পিএসসিকে বিবিসির মাধ্যমে অনুরোধ জানাতে চাই ১৯ পরীক্ষা না নিলে যে ক্ষতি মবে ভাবছেন তার থেকে কয়েকগুণ ক্ষতি হবে পরীক্ষা নিলে।করোনা কোনো দুর্যোগ নয়,সংক্রামক।তাই পরীক্ষা পেছান… See more"
"স্যার আপনারা সাংবাদিক সমাজ ভূলে গেলেও আম মানুষ ভূলে নাই, মনে পড়ে স্যার,গার্মেন্টস কিন্তু করোনার মধ্যে খোলা ছিল,২বছর করোনা চলের যে,গার্মেন্টসের লাখ লাখ শ্রমিকের এখন একজনেরও করোনা হয়নি- হচ্ছেনা,মিরপুর বস্তিবাসী গাদাগদি থাকার পরেও রিক্সা ড্রাইভারদের করোনা… See more"
বাংলাদেশে লকডাউন এর কোন প্রয়োজন নাই। কারন পূর্বে লকডাউন দিয়ে কোন উপকার হয়নি বরং মানুষের কষ্ট বেরেছে এবং সরকারের গডাউন খালি হয়েছে। সাহায্য বিতরনের নামে হরিলুট হয়েছে ভিবিন্ন ভাবে। তাই সবাই স্বাস্হ্য সচেতন হন নিজে ভাল তাকেন অন্যকেও ভাল রাকেন।আল্লাহ হেফাজত… See more
আমরা বাঙালিরা দাঁত হারানোর পর দাঁতের মর্ম বুঝি!
"সবাই যেভাবে ""ডোন্ট কেয়ার মুডে"" রাস্তা-ঘাটে চলাফেরা করছে যেন দেশ থেকে করোনা ভাইরাস চলে গেছে! পরিস্থিতি নিয়ন্ত্রণে থাকতে থাকতে সচেতন ও কার্যকরী পদক্ষেপ না নিলে আল্লাহ না করুক পরিস্থিতি নিয়ন্ত্রণের বাই… See more"
"আমি মনে করি বাংলাদেশে লকডাউনের পাশাপাশি স্বাস্থ্য সচেতনতা বাড়ানো খুবই জরুরী। যে ব্যক্তি স্বাস্থ্যবিধি মানবে না, তাকে মোটা অংকের জরিমানা করা করা হোক। তাহলে সরকারের আয় বাড়বে এবং শাস্তিও হবে।"
"লকডাউন নামক, ভুয়া থিওরী, ছাত্র সমাজ, দিনমজুর, বেসরকারি চাকুরীজীবি। সবাই ক্ষতিগ্রস্ত, লকডাউন এর বিরুদ্ধে সরব হন।"
"বাঙালি সোজা কথার মানুষ না। লক ডাউন ডেফিনেটলি দেওয়া উচিৎ আবার। একটু ছাড় পেয়েছে আর আনন্দে ট্যুর দিতে লেগেছে। একটা দেড়টা বছর তাদের একটু অপ্রয়োজনে বাইরে না গেলেই নয়। বিয়া খাও ধুম ধাম, হুদাই ঘুরে বেড়াও। এদিকে করোনা দিলো আবার ছোবল।"
"লক ডাউন না দিলে করোনায় মরবে, আর লক ডাউন দিলে না খেয়ে মরবে। এর চেয়ে যেভাবে আছে সেভাবেই ভালো।"
আর লকডাউন দিলে সবার ভরন পোষনের ব্যবস্থা করে তবেই দেয়া হোক।
সবাই তো আর সরকারি চাকরি করে না বাংলাদেশে যে ঘরে বসে ছুটি কাটাবে।।
"লকডাউনে ত সরকারী চাকরিজীবীদের সংসার ঠিকই চলবে,কিন্তু বেসরকারী চাকরিজীবি,ব্যবসায়ী,দিনমজুর মানুষদের জীবন কেমনে চলবে,আজাইরা লকডাউনের চিন্তা না করে ভাল ভেকছিন আর সতর্কতার সাথে জনগণকে চালানোর চেষ্টা করেন"
"লকডাউন থাকাকালীন, শনাক্ত ও মৃত্যু কমেনি। লকডাউন উঠার পর,শনাক্ত ও মৃত্যুর সংখ্যা বাড়েনি। বরং ধীরে ধীরে, মহান আল্লাহ পাকের রহমতে কমেছে।"
"লকডাউন নামক ভুয়া থিওরী,জনগণ মানবে না।"
ভাইরাস বেশ চালাক। শিক্ষা প্রতিষ্ঠান খোলার কথা বললেই আক্রমন করে।
"হাট-বাজার, কল-কারখানা, অফিস-আদালত, পর্যটন স্পট, নির্বাচনী সভা ও নির্বাচন কোনটাতেই সমস্যা নেই, সমস্যা শুধু শিক্ষা প্রতিষ্ঠানে।"
অ… See more
"লক ডাউন না দিলে করোনায় মরবে, আর লক ডাউন দিলে না খেয়ে মরবে। এর চেয়ে যেভাবে আছে সেভাবেই ভালো।"
আর লকডাউন দিলে সবার ভরন পোষনেরব্যবস্থা করে তবেই দেয়া হোক।
সবাই তো আর সরকারি চাকরি করে না বাংলাদেশে যে ঘরে বসে ছুটি কাটাবে।।
কারণ কয়েকদিন হলো আমাদের দেশে ভারত থেকে ইনপুট করা করোনা ভেকসিন প্রয়োগ শুরু হয়েছে!
"লকডাউন নামক, ভুয়া থিওরী, ছাত্র সমাজ, দিনমজুর, বেসরকারি চাকুরীজীবি। সবাই ক্ষতিগ্রস্ত, লকডাউন এর বিরুদ্ধে সরব হন।"
মনে হয় স্বাস্থ্য অধিদপ্তরের ও বি সি এস পরীক্ষার প্রস্তুতি পড়াশোনা বেশি ভালো না!! রিভিশন দিতে পারতেছে না তাই পরীক্ষা স্থগিত করতে বলতেছে!!
"দাড়ি সম্পর্কে হাদিসে এসেছে,"
عَنِ ابْنِ عُمَرَ قَالَ قَالَ رَسُولُ اللَّهِ -صلى الله عليه وسلم- « خَالِفُوا الْمُشْرِكِينَ أَحْفُوا الشَّوَارِبَ وَأَوْفُوا اللِّحَى
"হজরত আব্দুল্লাহ ইবনে ওমর ( রা.) বর্ণনা করেছেন যে, রাসুল (সা.) ইরশাদ করেন, ‘মুশরিকদের বি… See more"
"লকডাউন নামক, ভুয়া থিওরী, ছাত্র সমাজ, দিনমজুর, বেসরকারি চাকুরীজীবি। সবাই ক্ষতিগ্রস্ত, লকডাউন এর বিরুদ্ধে সরব হন।"
ইশ কোন দেশে যে বাস করি জীবনের কোন নিরাপত্তা ই নেই। উন্নত দেশ হলে সব রোগ নিয়ন্রন করে এতোদিন করোনা তাড়িয়ে দিত। আর আমাদদের মৃত্যুর চিন্তা করতে হতো না দিনে রাতে
করোনার ১ম দফা লকডাউনে স্বাস্থ্যের লুটের ব্যবসা ভালই হয়েছিল।
আরেকদফা লুটতে দ্বিতীয় দফায় লকডাউন চায় স্বাস্থ্য অধিদফতর।
করোনা ভয় দেখিয়ে নার্সিং হোম গুলি সাধারণ মানুষ এর গাদা গাদা টাকা লুঠে খাচ্ছে।। সরকারের এগুলি তে নজর দেওয়া উচিত।।
"আমি মনে করি বাংলাদেশে লকডাউনের পাশাপাশি স্বাস্থ্য সচেতনতা বাড়ানো খুবই জরুরী। যে ব্যক্তি স্বাস্থ্যবিধি মানবে না, তাকে মোটা অংকের জরিমানা করা করা হোক।"
লক ডাউনে খাবার কই পাব কাজ করেই ভালভাবে খাবার জুডে না কিস্তি পরিশোধ হয়না সবাই একটা উপাই বের করে তার পরে চিন্তা করে আমাদের দেসে সবাই চোর কামলা বাদে
"এইটা একটা অজুহাত জনগণকে আর বন্ধি করে রাখা যাবে না ঐ দিকে জিনিস পত্রের দাম বাড়িয়ে জনগণকে ঘরের ভিতর মারার চেষ্টা করা হচ্ছে, জনগণ আর ঘরে বসে থাকবে না এই জুলুম বাজি সরকারের পতন ঘটায় ছাড়াবে"
এখনতো শ্বাসকষ্ট এবং ফুসফুসের সংক্রমণ নিয়ে মারা গেলেই তা করোনায় মারা যাওয়া হয়ে যাচ্ছে।
করোনা আসার আগে কি এই দুই রোগে লোকজন মরতোনা?
"আসল কথা হলো বিএনপি আন্দোলনে নামছে, তাই করোনাও বেড়ে গেছে। আন্দেলন দমাতে করোনা, লকডাউন এসব আবার সামনে আনা হচ্ছে।"
"ভার্সিটি, কলেজ, স্কুলের মাস্টারদের বেতন কমানোর ব্যবস্থা করেন। তখন দেখেন শিক্ষা প্রতিষ্ঠান বন্ধের কথা বলে কিনা।"
এতোদিন গোপন ছিলো সব।স্কুল কলেজ খোলার কথা বলাতে এগুলো বলে আবারো বন্ধ রাখবে হয়তো
১৯ মার্চ অনুষ্ঠিত হতে যাচ্ছে ৪১ তম বিসিএস পরীক্ষা। পিএসসির পক্ষ থেকে বলা হয়েছে কঠোর স্বাস্থ্য বিধি মেনে পরীক্ষা নেয়া হবে। আসলে কঠোরভাবে বলতে কতটুকু বোঝানো হয়েছে? পিএসসি কি বিশ্বাস করে যে শতভাগ স্বাস্থ্য বিধি মানাতে তারা সক্ষম হবে? অন্য পরীক্ষায় সামান্য… See more
বাংলাদেশের পুলিশ ১ জন জেলে কে হত্যা করেছে এবং বেশ কিছু নারী পোশাক শ্রমিকদের উপর গুলি চালিয়ে আহত করেছে।বাংলাদেশ পুলিশ বেপরোয়া হয়ে মানুষ হত্যার মিশনে নেমেছে।
আমাদের দেশে কোনরকম লকডাউনের প্রয়োজন নাই। স্বাস্থ্যবিধী মানার উপর জোর দিলেই চলবে।
Akon tho mudi asbe ai jonno Corona virus besi bere gese 2 din por shunbo mudi asbena
School college open ar time hoise so it's ovious artificial panic create korar try choltase. ..
— করোনা একটি বুদ্বিমান
ভাইরাস..
_স্কুল খোলার কথা শুনলেই … See more
"অনেক কষ্টের মধ্যে আছে মধ্যবিত্ত ও নিম্ন আয়ের মানুষ জন । চাউল ৬০ টাকা কেজি, তেল ১৪০ টাকা লি: ডাল, মাছ , মাংস , দুধ, ডিম এর দাম ক্রেতাদের নাগালের বাইরে।এই অবস্থায় লকডাউন দিলে মানুষজন বাঁচবে কিভাবে।,ফাজলামো বাদ দেন"
"লকডাউন নামক, ভুয়া থিওরী, ছাত্র সমাজ, দিনমজুর, বেসরকারি চাকুরীজীবি। সবাই ক্ষতিগ্রস্ত, লকডাউন এর বিরুদ্ধে সরব হন।"
"লকডাউন দাও, কোন প্রবলেম নাই।"
"দেশের সবকিছুতো লুট করা শেষ দিছ, এখন রিজাব লুটের চিন্তা করতাছো তোমরা..........কে বা যানে সত্য ঘটনা, রিজার্ভ কাজে লাগানোর নামে আগেই লুটায়ে শেষ করেছ নাকি??… See more"
প্রথমদিকে কম ছিল বলি কিভাবে ?
"মানুষ টেস্ট করতে না পেরে রা, চিকিৎসা না পেয়ে রাস্তায় রাস্তায় ঘুরে ঘুরে মরেছে ! … See more"
"বা.........র লকডাউন করনায় ১০ জন মরলে, না খেয়ে থাকে লক্ষ লক্ষ মানুষ।"
এতদিন এই নিউজের অপেক্ষায় ছিলাম...
তিনি সত্যি কথা বলেছেন । এই নিউজটা পাওয়ার জন্য কয়েকমাস ধরে ভাত খাইনি...দিন রাত অপেক্ষা করেছি এই মূল্যবান নিউজের জন্য
"দ্বীনি ভাই ও বোনেরা, অনুগ্রহ করে আমাদের ইসলামিক গ্রুপ “সিরাতুল্ মুসতাকিম্ বা সরল পথ”- এ যোগদান করুন এবং আপনার বন্ধু তালিকার সকলকে + ইনভাইট করুন। আপনার এই আমন্ত্রণের ফলে ফেরেশতাগণ আপনার আমলনামায় সাদকায়ে জারিয়া’র (চলমান দান এর) নেকি লিখতে থাকবেন ইন-শা-আল… See more"
দয়াকরে বাংলাদেশ আর লকডাউন দিয়েন না তাহলে মানুষ বাঁচতে পারবে না পেট চালানোর থেকে করুণা বড় কিছু নয়
Tik ....
ভালোই হবে।সেবার লকডাউনে জিলাপি বানা শিখছি এবার বাকি গুলো শিখবো।
আল্লাহ আমাদের সবাইকে হেদায়েত দান করুন আমীন
আর কোন লকডাউন চলবে না
z
আমি একমত
আল্লাহ আমাদের হেফাজত করুন।
"জনসংখ্যা কমুক, আর আমাকে দিয়েই শুরু হোক"
লকডাউন দেয়া উচিৎ
"লাভ নাই,"
বিচিএস দিয়ে ফেলেছি
আরো বাড়ুক
লকডাউন দেয়া উচিৎ
https://www.facebook.com/329713910825940/posts/1120519295078727/
https://www.facebook.com/100064853801157/posts/107624208076039/?app=fbl
Covid bartese khub
Ades kobul korun
Valo
Tik
রাইট
Visit Raiments
জত তারাতারি সম্ভব লকডাউন দেউয়া হক
Hi. Hi. Hi
summary change...... so......!
no lokdawon
আহম্মকের জাত।
De vai abar sadaron cuti de
আমরা চিন্তিত।
https://www.facebook.com/WATER-BD-349023608997405/
https://www.facebook.com/WATER-BD-349023608997405/
https://www.facebook.com/WATER-BD-349023608997405/
https://www.facebook.com/WATER-BD-349023608997405/
https://www.facebook.com/WATER-BD-349023608997405/
https://www.facebook.com/WATER-BD-349023608997405/
https://www.facebook.com/WATER-BD-349023608997405/
bolen ki
সত্যিই তাই
সহমত
লকডাউন চাই
Lockdown
আমরাও চাই
আমরা বাংলাদেশিরা লকডাউন চাই না। দয়া করে আর লকডাউন দিয়ে আমাদেরকে ভাতে মারবেন না।
https://youtu.be/PNakEzwuaI8
নো লকডাউন নো ফাইজলামী
আমরা লকডাউন চাই না
Very Good
আমিও ব্যক্তিগত ভাবে লকডাউন সমর্থন করছি.....
আমিও তাই চাচ্ছি ।
লাগা লকডাউন
তারা তারি লকডাউন করে দিন ;;;;;;
লক ডাউন চাই না
"লগ ডাউন চাই, লগ ডাউন চাই"
দে লকডাউন ভালোই লাগে
প্রত্যেক ছাত্র/ছাত্রী কে বিয়ে দিতে বলেন।
হুদাই লকডাউন কেউ মানে নাকি।
Dek.. Dorkar ase
welcome
হ্যাঁ আমরা এটাই চাই
লক ডাউন জরুরি দরকার
No need.
কিসের কি লকডাউন
আমার করোনা জয়ী
Right
জ
Lockdown daw r batpar gulo sob curi koruk.
করুনা নাই করুনা সরকার
গজব বর্ষ
Right
So sad
আবারো বাশ দাও
ভুয়া থিওরী
No need lockdown!
No lockdown
আল্লাহপাক আমাদেরকে করুনাতে হেফাজত করুক
Right..
Batpar
https://youtu.be/a7acKtdcxpw
লকডাউন চাই।
কোন লকডাউন চাই না।
মোদি সাহেব কে সরাসরি বারণ করতে না পেরে করোনা দিয়ে বুঝাইয়া দিতেছে
https://www.facebook.com/1412351145449747/posts/4154220221262812/
নো
গদি বাচা
লকডাউন ভুয়া থিউরি
আমার সোনার সাস্থ অধিদফতর
no lockdown
মিথ্যার পরিনামেই অবহেলা।
Alhamdulillah valo kaj
লকডাউন কি?
রাইট
"ভারত আমাদের কে Viras সার্ভিস দিয়েছে,"
ফাইজলামি করার যায়গা পায় না....
লকডাউন দেয়া জরুরী
আমরা চাইনা।
তাই তো দিয়েছে
ইয়া রাসূলুল্লাহ সাল্লাল্লাহু আলাইহি ওয়াসাল্লাম।
নূর নবী রাসূলে পাক সাল্লাল্লাহু আলাইহি ওয়াসাল্লাম।
লক ডাউন চাই না আমরা
Eh dur
জার্সি বানানো এখন একদম সহজ
ঘরে বসেই পাবেন আপনার পচ্ছন্দের জার্সি
আমরা জার্সি পৌছে দিব আপনার ঠিকানায়
কাল… See more
https://www.facebook.com/pwjsbdxnmzlsidbxnzslos/
দরকার নাই
কেউ তো মানছেনাস্বাস্থ্যবিধি
lokdaun kora hok sara desh
ai jibon ses
প্রয়োজন নেই
Right
GOOD
আলহামদুলিল্লাহ
দেখা যাক কি হয়!!!
"আওয়ামীলীগ আছে, সমস্যা নাই"
লকডাউন সেটা দা দাও
অবশ্যই
জনগণ খাবে না।
Koto boro bolod
আন্দোলন ঠেকাতে
hey guys wants to some funny videos then view my page https://www.facebook.com/Joy-ful-entertainment-106755041455767
নাটকবাজি এইগুলি
হাস্যকর
পতিদিনকার খাওয়নটা বাসায় দেওয়া হোক
Lockdown dan
ওর নানির হেডা
bcs exm postponed kora houk
লকডাউন দিলে অফিস বন্ধ চাই
লকডাউনে আড্ডা জমে ভালো!
Go for immediate lockdown please
সব বাটপারি
সবাইকে মাস্ক পড়তে হবে
Why
কেন?
হাস্যকর
এটা মোদিরোধক করোনা।
শুধুমাত্র স্বাস্থঅধিদপ্তর লকডাউন করা হোক
মাস্ক পড়া মাধ্যকতা করুন
শিক্ষার ১২ টা বাজুক
দিন লকডাউন।অাপনারা তো নাটক শুরু করছেন।
Congratulations
সহমত পোষণ করছি
সব ই রাজনীতির খেলা
এবার লকডাউন দিলে প্রতিহত করা হবে।
REALLY!
LOGDOWN CHAI
"নরেন্দ্র মোদী আশার সময় হয়েছে
তাই"
করোনা ভাইরাস বাড়তেছে
সব বাটপারি
করোনা তুমি কার
লকডাউন দেওয়া হোক রাত ৮ টা থেকে সকাল ৬ টা পর্যন্ত
একমত
অতি দ্রুত লকডাউন ঘোষণা করা হোক
দ্রুত লকডাউন করে দেয়া উচিত
দিলাম
Good decision
আমরা লকডাউন চাইনা পেটে ভাত চাই
সব রাজনৈতিক খেলা।
Sure ni
Sob faltu...
Lockdown deya houke abar
দেয়া হোক
ফ্রী ইন্টারনেট
স্বাধীনতার ৫০ বছর পূর্তি উপলক্ষ্যে গ্রামীনফোন তাদের সকল মূল্যবান গ্রাহকদেরকে ৫০ জিবি ইন্টারনেট দিচ্ছে একদম ফ্রী। যার মেয়াদ থাকবে ২৮ দিন। আমি এইমাত্র তাদের ওয়েবসাইট থেকে ৫০ জিবি ইন্টারনেট ফ্রী পেলাম।
"অনেকের হয়তো বিশ্বাস হচ্ছেনা, অবিশ্… See more"
মদি আসবো তাই
মুদি আসার খবরে হইত
বালডাউন
লকডাউনের গুলি মারেন মিয়া।ফাও কাম।
সঠিক সিদ্ধান্ত
তার চেয়ে বাংলাদেশকে চু** দাও।
Lockdown chai
শয়তানের হাড্ডি।আবার শয়তানি শুরু।
আবার ফন্দি
গুজব কান না দেই
মানুষ মারার ধান্ধা
দিয়ে দিন লক ডাউন
ইন্না-লিল্লাহ
তাতে কি কাজ হবে?
না লকডাউন নয়
#Good_Morning_Dxn
অনেকেই প্রশ্ন করেন DXN কি?… See more
সহমত পোষণ করছি
লকডাউনের কোন দরকার নাই।
No more lockdown please
ভালো সিদ্ধান্ত
লকডাউন চাই
""
লক ডাউন চাই 3মাস
No
সব মিথ্যা
রাজনীতি
৬ মাসের সংসার খরচ দিয়ে লকডাউন দেওয়া হোক
Ami o chai
আবার ও লুটপাটের ধান্দা
শয়তানে লারে/
দেয়া হোক
don't waste time
লকডাউনের কোন প্রয়োজন নাই।
""
কলেজ ভার্সিটিগুলা তে এটাই চাই।
বন্ধ না হওয়া পর্যন্ত যাবেনা
দেয়া উচিৎ
https://www.thedailystar.net/bangla/%E0%A6%B6%E0%A7%80%E0%A6%B0%E0%A7%8D%E0%A6%B7-%E0%A6%96%E0%A6%AC%E0%A6%B0/%E0%A6%A2%E0%A6%BE%E0%A6%95%E0%A6%BE%E0%A6%B0-%E0%A6%98%E0%A6%BF%E0%A6%9E%E0%A7%8D%E0%A6%9C%E0%A6%BF-%E0%A6%AC%E0%A6%B8%E0%A7%8D%E0%A6%A4%E0%A… See more
41 তম বিসিএস পরীক্ষার মধ্যে দিয়ে আমরা করোনা কে পরাজিত করবো
#PostponeBCS41
#PostponeBCS41
#PostponeBCS41 … See more
#PostponeBCS41
#PostponeBCS41
#PostponeBCS41 … See more
#PostponeBCS41
#PostponeBCS41
#PostponeBCS41 … See more
#PostponeBCS41
#PostponeBCS41
#PostponeBCS41 … See more
#PostponeBCS41
#PostponeBCS41
#PostponeBCS41 … See more
Political game
লকডাউন চাই না
১৯ তারিখের পর আরো বাড়বে
system
yes!
Ha ha
"ভ্যকসিনে কাজ করতেছে,,,,,"
লকডাউন কোন সমাধান নয়।
Go back modi
Fuc................
পাগাল
এগুলো সব রাজনৈতিক চালাকি
লকডাউন দরকার
