"After guppy, duck, tilapia, this time frog. What else is left?"
"এদের মত বুদ্ধিপ্রতিবন্ধী থাকলে যা হয় আরকি! আবার শুনবো ব্যাঙ মারতে সাপ ছাড়বে, সাপ ধরতে উট ছাড়বে। আবার কেউ উটের তদারকি করতে আসবে। এভাবে চলতেই থাকবে, চলতে চলতে মাঠে আবার মশা নামবে।নতুন করে আবার আগের পর্ব চলবে। এই আরকি সব ধান্ধা
!!"
আবার এসব ছাড়া কিছু গ… See more
কর্মকর্তাদের শরীরে মানববিষ্ঠা মাখিয়ে দিলে মশা কমে; অনেক দেশ এই পদ্ধতিতে মশা নির্মূলে সফল হয়েছে।
মশা মারতে ইসরাইল থেকে কামান আনা যায়।
কিছুদিন পর ব্যাঙ নিধন করার জন্য ইদুঁর ছাড়তে হবে।
"আর ইদুঁর বেশি হলে সাপ, সর্বশেষ সাপ বেশি হলে চাইনিজ পিপল !"
হাজারো চাপ নিয়ে রাইতে আর সকালে টয়লেটে যাই না দুপুরে যাই মশা কম থাকে।
"মশা নিধন শিখতে অভিজ্ঞতা অর্জনের জন্য দুই সিটি করপোরেশনের (ডিএসসিসি & ডিএনসিসি) কর্মকর্তাদের বিদেশে পাঠানোর জোর দাবি জানাচ্ছি।
৷৷৷৷৷৷৷৷৷৷৷৷৷৷৷৷৷৷৷৷৷৷৷৷৷৷৷৷৷৷৷৷৷"
ব্যাঙ না ছেড়ে ছাত্রলীগ যুবলীগকে মশা মারার জন্য ছেড়ে দেয়া হোক। ওনারা তো আবার মারামারিতে এক্সপার্ট। আশা করছি মশা মেরে ওনারা বিশ্ব রেকর্ড করতে পারবেন। আর মুজিব বর্ষেরও এক অনন্য প্রাপ্তি হয়ে থাকবে
পৃথিবীতে তিনটি কাজ করা একেবারেই অসম্ভব
"১,হাতিকে কোলে বসানো"
"২,পিঁপড়ার ঠোঁটে লিপিষ্টিক লাগানো… See more"
শহরের খালের পানির যে অবস্থা। ব্যাঙ দম বন্ধ হয়ে মারা যাবে।
হয়তো পরে দেখা যাবে এই ব্যাঙের অস্বাভাবিক বৃদ্ধির জন্য সাপ নিয়ে আসবে দেশে
দুই মেয়র কে ঘর থেকে বের করতে পারলেই এসব কিছুই লাগবে না কারণ সঠিক তদারকির অভাব থাকলে কুনোব্যাঙ পানিতে ছেড়েদিয়ে পরের দিন দেখা যাবে ব্যাঙ সব আবার ঘরের কোনেই চলে আসবে।।
সাবাস বাংলাদেশ এই পৃথিবী অবাক তাকিয়ে রয়!!!
মশা মারতে কামান না দাগিয়ে মশার ডিম পাড়ার ক্ষেত্র ড্রেন গুলোকে প্রবাগমান এবং জলার সংষ্কার করা হোক।
"নিজেদের দায়িত্বের অবহেলার অপরাধ এখন বেচারা ব্যাঙের উপর বর্তাবে। বলার কিছুই নেই এখানে, যার যা খুশী বা খাহেশ তাই করা হচ্ছে জনগনের টাকা নষ্ট করে কিন্তু একদিন যে আল্লাহর কাছে সব কিছুর হিসাব দিতে হবে সেটা বোধ করি আমরা সকলেই ভুলেই গেছি।"
"পরে ব্যাঙ মারতে সাপ ছাড়বে,পরে সাপ মারতে সাপুরে ছাড়বে আর প্রত্যেকটা প্রজেক্টের মাধ্যমে কিছু লোক রাতারাতি ধনি হবে। আর এদিকে সাধারণ জনগরে টাকা লুইট্টা খাইয়া শেষ হবে।"
"একটা হাইড্রোজেন বোম, তারপর আর কিচ্ছুই লাগবোনা।"
"শুনেছি, ব্যাঙে মুতলে ও নাকি ঢাকা শহর পানিতে থৈ থৈ করে!"
তাহলে এখন কি হবে?
ব্যাঙ বানানটা কেউ 'চ' দিয়ে পড়ে ফেলবেন না
বিড়ির ধোয়ার মাধ্যমে মশা মারার পদ্ধতি বের করা দরকার।দেশে যত বিড়িখোর আছে আশা করা যায় একদিনেই মশার বংশ নিপাত হবে!
"They just now realize value of ecosystem, Almighty good create ecosystem to control everything by nature way, when we mankind destroy environment go out of control, whoever it is good any initiative...."
এগুলো ছাড়ার জন্য ট্রেনিং নিতে বিদেশে যাবেন না??
"চীনে পঙ্গপাল শেষ করতে হাঁসের পাল ছাড়া হয়েছিলো, সেই থেকে অনুপ্রাণিত হয়ে জলাশয়ে ব্যাঙ ছাড়ার পরিকল্পনা।"
এসব প্রানীর চেয়ে বেশি খাদক ঐসব কর্মকর্তাদের ছাড়া হোক!!!
সিটিকর্পোরেসনের এতগুলি অকর্মকর্তাদের কি হবে??
এই দূষিত পানিতে ব্যাঙ বেঁচে থাকবে । নাকি ব্যাংকের জন্য কোটি টাকা বরাদ্দ করে সেটা লুট করা হবে? নাকি দূষিত পানিতে ব্যাঙ গুলোকে ফেলে তাদের মৃত্যু নিশ্চিত করা হবে
"মেয়র সাহেব,ঢাকার মশা যে আপনার চেয়ে শক্তিশালী হয়ে উঠেছে।ঢাকাবাসীকে এই ত্রাসের হাত থেকে বাঁচার কোন উপায় আপনার জানা নেই?"
"আছে,আছে।নিশ্চয়ই আছে।"
কি উপায় স্যার?… See more
"এমন অান্তরিকতার সঙ্গে কাজ করেও সিটি মেয়ররা মূল্যায়ন পান না, যথার্থ সন্মান পান্না। জনগণ অাজকাল বড়-ই লাটসাহেব হয়ে গেছে, ভাবখানা এমন যেন সিটিকর্পোরেশন তাদের গোলাম!!"
"ডিসিসির সকল কর্মকর্তাদের খালার পানিতে নামায় দিলে খাল বিশাক্ত হয়ে সব মশা মারা যাবে। এই নিঞ্জা টেকনিক ফলো করুন, দেশের অর্থ অপচয় রোধ করুন।"
"মশার জন্য ব্যাঙ,ব্যাঙের জন্য সাপ, আবার সাপের জন্য বাজপাখি এভাবে একটা খাদ্যশৃঙ্খল তৈরি হয়ে যাবে"
মশা মারতে কামান নামানো বাকি আছে আর।
"যতই বাহানা করেন কোন লাভ নাই, কারণ হাদিসে স্পষ্ট বলা আছে যখন মানুষের ঈমান দুর্বল হবে তখন আল্লাহ তাআলা ছোট ছোট প্রাণীর দ্বারা মানুষকে হয়রানি করবে আর মানুষ কিছুই করতে পারবে না। আর আমাদের ঈমানের অবস্থা তো আপনারা বুঝতেই পারতেছেন কত নাজুক।"
এলিফেন্ড রোড এলাকায় গত বছর প্রচুর মশার ওষুধ দেয়া হয়েছিল।।।
2021 এ তাদের খবর নাই মশার ওষুধ দেয়া হয় না বাড়িতে প্রচুর মশা।
বলছি একটা মশার ওষুধ দিলে হয় না।
'ব্যাঙ ছাড়া' প্রশিক্ষণ নিতে কোথাও যাচ্ছেন না কেউ?
BBC News বাংলা imo the caption to this post is very immature and likely made to get some uninformed and superficial reactions. However the article itself does do some justice to the initiative and I wonder if the person posting this even read it or ho… See more
মশা নিধনে সিংগাপুর ল্যাবে ডিএনএ পরিবর্তন করে প্রজনন ক্ষমতাহীন পুরুষ মশা তৈরি করে। এই প্রযুক্তি আমাদের দেশে ব্যবহার করলে অনেক সময় ও অর্থ বেচে যাবে।
We have available foreign Frogs whose are ISO Certified and an expart to killing Frogs
বাকী থাকলো কামান।
"তাও‌তো চেষ্টা চল‌ছে, ব‌সে‌ নেইতো। অস‌চেতন নগরবাসী‌দের নি‌য়েও কিছু লিখুন। অকার‌নে হাহা প্রতি‌ক্রিয়াশীলগনও কিন্তু একধর‌নের অস‌চেতন।"
"ব্যাঙ এর পরিমান বৃদ্ধি পেলে, সাপ আনা হবে কি?"
"আগামী সপ্তাহের প্রতিবেদন হবে "" ব্যাঙ ছাড়া প্রশিক্ষণ নিতে বিদেশ যাচ্ছে ভাক্কোয়া ব্যাঙ কমিটির সদস্যবৃন্দ। """
এবার বড় লোক হওয়া থেকে কে আমারে টেকাই।
আগামী বছর আমি ব্যাঙ চাষ করব বানিজ্যকভাবে। আর ঢাকার দুই দিকের দুই মেয়র সাহেবরা আমার কাছ থেকে ছড়া দামে ব্যাঙ কিনবে মশা মারার জন্য।… See more
ঢাকার দূর্গন্ধ আর দূষিত আবহাওয়ায় মশা মারার আগেই ব্যঙ মারা যাবে
ঢাকা অনেক মানুষ প্রজাতি আছে যারা ব্যাঙ ধরে বাজি করে খেয়ে ফেলবে। মশার জন্য ব্যাঙ আর কিছু মানুষ প্রজাতির মানুষের জন্য ব্যাঙ।
তিমিমাছ ছাড়ার ব্যাবস্তা করা উচিত। কারন তিমি মাছ বড় হা করে সব মুখে নিয়ে তার মাথার উপর সাকনি দিয়ে ছেকে শুধু পানি বের করে দেয় বাকে সব খেয়ে ফেলে... ফলে পানি হবে পরিস্কার ও মশা মুক্ত...
মশাদের জন্য জন্মনিয়ন্ত্রণকারী পিল বা ব্যবহার সামগ্রী এবং এটার বাস্তবায়নের জন্য বৈদেশ ভ্রমণ খুব জরুরী।
ঢাকায় জলাশয় কই! আছে মলাশয়। মলাশয়ে ব্যাঙ ছাড়লে ব্যাঙের অভিশাপেই ঢাকা শেষ!
"এখানে সিটি কর্পোরেশনের দোষ দিয়ে লাভ নাই। আমরাই আমাদের চারপাশের এরিয়ায় ময়লা, আর্বজনা ফেলে এভারেস্ট বানিয়ে রেখেছি। যার থেকে এই মশার বংশ বিস্তার। প্রত্যেকে নিজ নিজ এরিয়া পরিস্কার রাখুন। মশা এমনিতেই কমে যাবে।"
সিটি করপোরেশনে কিছু রাগব বোয়াল আছে সেগুলো অফিস থেকে ছাড়ার ব্যবস্থা করেন আগে।
কিছু মন্ত্রী আর এমপি কে ড্রেনের ভিতর ছেড়ে দিলে মশার নিধন অবশ্যম্ভাবী
এসব পাগলামি বাদ দিয়ে ড্রেনে পানি বহমান করে দেন মশার প্রকোপ কমে যাবে ইনশাআল্লাহ
দেখেন আবার দেশে ব্যাঙের উপদ্রব বেশি হইলে পরে যেন সাপ না ছাড়া হয়?
"আর বাকি থাকলো কর্মকর্তাগুলো, তাদেরকে জলাশয়ে ছেড়ে দেওয়া হোক। আহাম্মকগুলো লার্ভা খেয়ে বেচে থাকুক।"
ভাল তবে এই ভাল কাজে আসবে আর তাতে সফল হবে এমন ভাবার কিছু নেই।।।প্রতি সাপ্তায় একবার সারা শহরে মসার ঔষধ দিতে হবে।
উক্ত কর্মকর্তাদেরকে ব্যাঙ ছাড়ার উচ্চ প্রশিক্ষণের জন্য বিদেশে পাঠানোর ব্যবস্থা করা হোক
ব্যাঙের নিরাপত্তার ব্যবস্থা আগে না করলে একটা ব্যাঙও খুঁজে পাওয়া যাবেনা!
"জেনেটিক্যালি মডিফাইড পুরুষ মশা ছাড়া যেতে পারে, যদিও একটু বেশি খরচ হবে তবুও দীর্ঘ মেয়াদে সুফল পাওয়ার জন্য এটা করে দেখতে পারে । পুরুষ মশার জিনগত পরিবর্তন ঘটিয়ে ছাড়লে সেগুলো স্ত্রী মশার সাথে মিলন করলেই বন্ধা হয়ে যাবে স্ত্রী মশকি। অনেক দেশেই এটা আছে। সিঙ্… See more"
"কমেন্টগুলো দেখলাম। মনে হলো বেশির ভাগ মানুষের ভাবখানা এই রকম যে, ""দেশটা স্বর্গ হয় না কেনো? আমরা না হয় নরকের স্বভাব নিয়েই থাকি""।"
"হায়রে বাংঙালি কিসের জন
‍
্য মশা উৎপন্ন হয় সেইটা দেখেনা।মশা হওয়ার পর কিভাবে কমানো যায় সেই চিন্তায় ব
‍
্যাস্ত।শহরটাকে একটু পরিস্কার রাখুন তাহলেই দেখবেন ব
‍
্যাঙ মাছ হাস কিংবা আপনারা কারো দরকার লাগবেনা"
"আগে পুকুর ভরাট করা বন্ধ করেন,ঢাকায় তো পুকুর ই নাই।তবে এক কাজ করা দরকার সংসদ ভবনে কিছু ব্যাঙ ছাড়তে পারেন।ঐখানে মাঝে মাঝে মশার আনাগোনা একটু বেশি হয়"
এমন উদ্ভট বুদ্ধি ওনারা পান কোথায় ?
নিশ্চয়ই বেহিসাবি অর্থ পাওয়া যাবে বলেই এমন অবান্তর উদ্ভট কর্মকাণ্ডে জড়াতে এদের বাধে না ।
ব্যাঙ কি কর্মকর্তাদের কথা মতো অন্য সব খাবার বাদ দিয়ে কেবল মশার লার্ভাই খাবে ? কর্মকর্তারা কি ব্যাঙ কে কথা শুনিয়ে রাজি করাতে পার… See more
"They should concentrate on the Drainage system. Stagnant water is causing all these problems during winter and during rainy season the roads go under water. If they are kin to release some frogs, it should not be in Gulshsn area because all those korea… See more"
এক শ্রেণীর লোক পুরা দেশটা খেয়ে ফেলেতেছে তাদের কিছু জলাশয়ে ছেড়ে দিলে কার্যকর হতে পারে।
ডেইজি আপার মশা মারার ফগার মেশিনটা কই?
আগের মতো মেশিনটা হাতে নিয়ে যদি আপা মাঠে নামে তাহলে ঢাকা সিটি হতে মশা চৌদ্দ গোষ্ঠী নিয়ে পালাতে বাধ্য হবে!
ব্যাঙ এর শরীর এ সার্জারি কইরা পাখা লাগাইবো কয়দিন পর . যাতে ব্যাঙ উইড়া উইড়া মশা মারতে পারে
"জাস্ট ননসেন্স
!!"
আশেপাশে জলাশয় নাই কিন্তু মশার জ্বালায় থাকা যায় না- সমাধান কি??
সেই সমাধানটা কেই তো গুরুত্ব দিতে হবে!!… See more
কষ্ট করে পুরো ঢাকা মশারি দিয়ে ঢেকে ফেলা হোক।হাজার হাজার কোটি টাকা তো এমনিতেই বিভিন্ন প্রকল্পে ব্যয় হয়।এবার মশারী টানানো প্রকল্প হাতে নেয়া হোক এবং প্রকল্প বাস্তবায়নের জন্য ছাত্রলীগকে দ্বায়িত্ব দেয়া হোক।। বাদ যাবে না একটি মশাও এমন কর্মসূচিও গ্রহণ করা যেত… See more
দেশ যে কতোটা অযোগ্য আর অথর্ব মানুষের হাতে চলে গেছে এই ধরনের নিউজই তার স্বাক্ষী.........
মশা মারার অথবা ব্যাঙ চাষের উপর উন্নত প্রশিক্ষণ নিতে অতিশীঘ্রই একটা টিমকে বিদেশ পাঠানো উচিত।
Pura deshtay tow khaia ses korsos! Ebar kichu Mosha khya manusher ektu upokar kor.
"ব্যাঙ পোকা খায় বিশেষত গাঁধি পোকা, তবে মশা খাওয়া দেখি নাই, তবে ফলপ্রসু হোক যাতে মানুষের কষ্ট লাঘব হয়।"
দেশে যে হারে চায়নাদের আনাগোনা তারা যদি এই ব্যাঙ ধরে খেয়ে ফেলে তখন কি হবে? তাই ব্যাঙ ছাড়ার আগে চায়নাদের উপর বিশেষ নজর রাখুন।
পরে ব্যাং বেড়ে গেলে সাপ ছাড়া হবে। এরপর সাপ এর বিষ এর রমরমা অবৈধ ব্যবসা করার ধান্দা নেতাদের
যাদের মাথা থেকে এসব বের হয় সেই বলদদের সরাসরি নামিয়ে দিয়ে মশা মারা দরকার।
"৫০সদস্য একটি টিম আফ্রিকা পাঠানোর পরামর্শ দেন,,ওখানে উন্নত ব্যবসহা আছে শিখে আসবে"
"যাদু! বাংলারমানুষ কে, মশার জাদু মধ্যে রেখে। আসছে, রমজানে মাসে, নিত্যপ্রজনীয় খাদ্য দ্রব্য সিন্ডিকেট করে, আরেক দফা দাম বাড়াবে। আমরা, মশার ইন্দ্রজালের মধ্যে থেকে আরেক নতুন কোন ইন্দ্রজালের মধ্যে ঢুকে যাব।"
"ঢাকার বিষাক্ত পানিতে একটি ব্যাঙ ৬০ সেকেন্ডের বেশী বাচতে পারবে বলে মনে হয়না, তবে এতে টাকা আয়ের একটা ব্যাপার থাকতে পারে"
সরকার যদি ঘোষণা দেয় 1 কেজি মশার 10 হাজার টাকা দিয়ে কিনব। আমি নিশ্চিত এক মাসের মধ্যে ঢাকা শহর কেন বাংলাদেশের কোথাও বিন্দুমাত্র মশা থাকবে না।
Give back nature it’s lost ecosystem. Many problems will be solved automatically
ড্রেনের যা অবস্থা তাতে ব্যাঙাচি ব্যাঙ হওয়ার আগেই মরে যাবে।
ব্যাঙ যদি ছাড়া হয় ঢাকায় বসবাস রত চাইনিজ দের কড়া নজরদারির মধ্যে রাখতে হবে কারণ এরা ব্যাঙ গুলো ফ্রাই বানিয়ে খেয়ে ফেলতে পারে!!!!!!!!!
শহরের খালের পানির যা অবস্থা ব্যাঙ টিকতে পারবে তো??
"ব্যাঙ
কিভাবে ছাড়তে হয় সেই প্রশিক্ষণ নিতে ২০০ সদস্যের একটা প্রতিনিধি দল উগান্ডায় পাঠানো হবেনা?"
আহা!
"নিউজ টা যদি এমন হতো,"
"কিভাবে ডোবা নালায় ব্যাঙ ছাড়তে হয় সেটা শিখতে ঢাকার সমস্ত আমলা, সচিব,উপ সচিবরা সাহারা মরুর দেশ মরোক্কো গমন করেছেন..."
এর জন্য তো প্রশিক্ষণ দরকার তাই এদের ব্যাঙ সহকারে বিদেশে পাঠানোর দাবি করছি।।।
কেন মশা মারার ট্রেনিং নেওয়ার জন্য অল্প কয়েক কুটি টাকা চুরি করতে পারবেন।
"দেশে সাপের পরিমাণ বেশী, এজন্য গাপ্পি, হাঁস, ব্যাঙের জয়ী হইতে পারতাছে না। সাপের সৈনিক হইয়া মশারা যুদ্ধে নামছে"
বড় বড় দুর্নীতিবাজ গুলোকে রোডে রাখলেই মশা কমবে
Meyor duita ke sere dile... Sob mosha sabar kore felbe....oder pete oneek khudhaa...
এ জন্যেই নগরায়নের পাশাপাশি পরিবেশের ভারসাম্য বজায় রাখার কোন বিকল্প নেই।।
প্রতি ব্যাঙের দাম হবে লাখ খানেক!!
যাক এরপর মেয়রদের কে আর কিছু বলা যাবে না সব দোষ ঐ ব্যাঙেরই হবে।
"এভাবে বিবর্তন হতে থাকলে
একদিন দেখা যাবে,,,, ঢাকাবাসী কে ছেড়ে দেওয়া হয়েছে
মশা থেকে শুরু করে ব্যাঙ পর্যন্ত সবকিছু পরিষ্কার করার জন্য"
"""মশা মারতে কামানদাগা"" বহুল প্রচলিত বাংলা প্রবাদের সাথে পরিচিত হলেও ""মশা নিধনে ব্যাঙ"" এই প্রথম শুনছি !"
আর কী যে শুনতে হবে .... !
উন্নয়নের জোয়ারে যেখানে রাস্তায় হাটা যাচ্ছেনা আর সেই দেশে মশার এত সাহস হয় কেমনে।
"ছাত্রলীগ সহ ঢাকা শহরের সব আবর্জনা পরিষ্কার করা হোক, তাহলে মশার বংশবিস্তার রোদ করা যাবে !"
এরপরে আমাদের মননীয় দ্বায়ীত্বশীল ব্যঙদ্বয় নিজেরাই নেমে পরবেন পঁচা পানিতে আর মশার ডিম খেয়ে মশা নিধন করবেন
যাক ছড়া লেখার নতুন ইস্যু পেয়ে গেলাম
"সাংবাদিক সাহেব, আর কি বাকি আছে জানেন? পুর নগরবাসী কে যে সব খাল আছে সে খানে ফেলে দেন তাহলে আসা করা যায় মানুষ কে আর মশাতে কামড়াবে না"
ঢাকার আশপাশের বিষাক্ত পানিতে ব্যাঙ টিকে থাকতে পারবে কিনা সেটা ও ভেবে দেখা উচিত। তারপর মশা নিধনের চিন্তা।
Ha ay bar bang er ge ge sobdhe jeno ghum aro na ase sei fondi coltece...ses porjonto desh chere palate hobe manusher...
কয়েকদিন পর দেখব মশা শিখার জন্য সরকারের দশজন কর্মকর্তার বিদেশ ভ্রমণ খরচ এক কোটি টাকা।
"ব্যাঙ প্রকল্প বাস্তবায়নে..... কর্মকর্তার বিদেশ সফরের তালিকা সহ না দেয়াতে মনে কষ্ট পেলাম। রিপোর্ট সম্পুর্ণ দিবেন, অর্ধেক করার মানে কি?"
গত পাচ বছরে মশা নিধনে ঢাকা উত্তর -দক্ষিণে খরচ ১০০ কোটি টাকা।
গেলবছর তো ধুম স্টাইলে
মশা মারতে গিয়ে মশা ৪ গুন বাড়িয়েছে। … See more
ব্যাঙের ছবি দেখে
ব্যাঙ ছাড়তে হবে মগজে! মগজ ঠিক থাকলে মশার ঔষধ ঠিক থাকবে আর তা যথাযথ প্রয়োগ হবে। তাতেই মশা মরবে। মশা কামান দিয়ে মারা যায় না।
আর সেই ব্যাঙগুলো ধরে ধরে খাবো আমরা
আর কি বাকি থাকল! এটাতো বিএনপি জামাতের ভাষা!!!!অথচ এটা বিজ্ঞানভিত্তিক ইনিশিয়েটিভস।
গাপ্পি ছারলে পোলাপান এনে কেনা গাপ্পির সাথে ক্রস দিয়ে বাম্পার ফলন করে ফেলে
ব্যাংগ ই ঠিক আছে
Snake to kill the frogs and Eagle to kill the snakes
জানিনা কোন অপরাধে ব্যাঙগুলোকে এমন কঠিন শাস্তি দিল?
ফ্যাক্ট : দূষিত পানি।
Can a man sharda ki shesh
"যুবলীগ এবং ছাত্রলীগের হেলমেট বাহিনী শুধু বাকি
তাদের অত্যাচার এবং নিপীড়নে মশা নিধন হতে পারে বাংলাদেশ থেকে"
"এইজন্যই রাষ্ট্র বিজ্ঞানী'রা বলেছে, অন্তত ৫ বছর পর গণতান্ত্রিক ভাবে নির্বাচনের মাধ্যমে সরকার গঠন করা,"
না হলে সরকার মশার মত জনগণকে কামড়া থাকবে!!
60 ta beng chaira 59 no worder mosa sob ses amra ekhon khob sante te thake
বাকী শুধু রাজধানী বাসীর সচেতনা; এখন রাজধানী বাসী সচেতন হলেই মশক নিধন সফল হবে।
ইনশাআল্লাহ!
"অভিনন্দন
। ভালো একটা ধারণা।"
তবে!
ব্যাং বাঁচতে পারবে তো!!!… See more
"মার্ক জুকারবার্গের কাছে অনুরোধ করছিলাম শুধু বাংলাদেশের জন্য একটা জুতার রিয়্যাক্ট চালু করেতে,"
কিন্তু এখনো চালু করেনি!!!
কারন Haha রিয়্যাক্ট দিয়ে আমাদের মনে আর শান্তি পাচ্ছে না
"ata valo uddug ,........lava nosto korbe frog"
"ঢাকার নদী, খাল ডোবা সব জায়গার পানি যে পরিমান দূষিত, ব্যাঙ ছাড়ুক, বা ডাইনোসর ৭ দিনের বেশি বঁাচতে পারবে বলে মিনে হয় নাহ৷ আর এই পঁচা পানিই মশা বৃদ্ধির অন্যতম কারণ"
উড়াল ব্যাঙ আবিষ্কার করতে হবে।
তাছাড়া বিষাক্ত সাপ ও কিছু বিষাক্ত পোকামাকড় ছেড়ে দিলে ওরা মশা যা পারতো খেতো মানুষকে দংশন করে মেরে ফেললে কেউ মশা নিয়ে অভিযোগ করার মতো কেউ থাকতোনা এর ফলে সাপ ও মরতো লাঠিও ভাংলে সমস্যা হতো না।
এবার আতিক আর তাপসকে পানিতে ছেড়ে দিলে মশার উপদ্রব কম হবে বলে মনে করি।।
পাঁচশো কর্মচারী বিদেশে প্রশিক্ষণের ব্যবস্থা করবেন না?
ঢাকার চারপাশের পানি যে দুষন তাতে ব্যাঙের চৌদ্দ গোষ্ঠী ও মারা যাবে।
Baki thaklo? Gordhov r durnitibaajder oi drain gulate namiye den...
কিভাবে ব্যাঙ ছাড়তে হবে সেটার প্রশিক্ষণের জন্য বিদেশে যাওয়া যায় না?
"ব্যাঙমন্ত্রী কে হবেন? আর ব্যাঙ কিভাবে মশা খায়, সেটা দেখতে বিদেশে হানিমুনে ক'জন যাবেন?"
ব্যাঙ ক্রয় খাতের বরাদ্দ কতো ?
পানির প্রবাহ বৃদ্ধি করতে হবে এবং আবর্জনা ব্যবস্থাপনার আওতায় আনতে হবে
এই পচা পানিতে নোংরা পানিতে যদি ব্যাঙ মারা যায় এই ব্যাংঙের দায়িত্ব নিবে কে
ব্যাঙ আমদানিতে কতো টাকা খরচ হয়েছে জানালে একটু ভালো হতো?
যারা মশা মারা বিষের টাকা মেরে খায় তারা কি ভাবে মশা নিধন করবে আমার বুঝে আছে না...?
তবে এতো টুকু বুঝতে পারছি যতো বেশি প্রকল্প ততবেশি মাইরিং
যখন গ্যাঁ গ্যাঁ ডাকবে অার গাড়ির চাকায় প্রতিদিন মরে রাস্তায় পড়ে থাকবেন তখন অার পরিকল্পনায় কাজ অাসবেনা
"জলাশয়, নর্দমা ড্রেনের পানিতে পেট্রোল ঢেলে আগুন ধরিয়ে দেওয়া হোক। পেট্রোল পানির উপরেও জ্বলে। এতে মশার লার্ভা ও ডিম পুড়ে সম্পুর্ন ভাবে ধ্বংস হবে।"
কযট খাবে ব্যাঙ্গে? তার আগে সবাই কে সচেতন হবে যেখানে সেখানে ময়লা আর্বজনা মশা জন্মানোর মত পরিবেশ তৈরি না করি।
Chatralig thakte Bang cara lage naki Rater Belay Dhakar olite golite kicu chatrlig cere Diley to hoi
কিন্তু ঢাকার জলাশয়ের যে বাজে অবস্থা তাতে ব্যাঙাচি বড় হওয়ার আগে মারা যাবে।ফলে মশা আর নিধন হবে না
ব্যাঙ না ছেড়ে। ঘুষখোর কর্মকর্তা ও কর্মচারী গুলা কে ময়লা খালে নামিয়ে দেয়া হোক। সব মশা খেয়ে ফেলবে টাকা ভেবে।
"অদ্ভুত বাংগালী জাতি, মশা উৎপাদনের কারখানা খুলবে আর মশার কামর খাবেনা।"
এই খবর শুনে ঢাকার মশারাও খিটখিটিয়ে হাসতেছে
ব্যাঙ ধরে আবার যেন না খায়।
"মশা নিধনের জন্য কি কোন প্রকার রাসায়নিক এখনো আবিষ্কার হয়নি,,,,,,,,এভাবে রাষ্ট্রের অর্থের অপচয় করার কোন মানে নেই,,,"
ব্যাঙ বাদ দিয়ে সিটি কর্পোরেশনের লোকজনকে ড্রেনে নামিয়ে দিলে উনারাই মশা খেয়ে সাবাড় করতে পারবে এতে এক ঢিলে দুই পাখি মরবে
"সবার অফিসের অসাধু কর্তা চারী, এগুলারে আজিবনের জন্য বহিষ্কার করতে হবে তারপর অন্য চিন্তা"
ধান কাটার মত আওয়ামী লীগের কিছু নেতারা উপস্থিত থেকে জিনিস টা তদারকি করলে ভালো হয়!!
অগ্রিম সর্তকতা স্বরূপ ব্যাঙ নিধনের জন্য কুমির আনা হোক
কয়েকটা স্মার্ট প্রেমিক মশা ছেড়ে দিলেই হবে!
তখন লেকের পাড়ে পাড়ে মশারা প্রেমে আসক্ত হয়ে পড়বে। বাসাবাড়িতে আর যাবে না!
ব্যাংয়ের পরিবর্তে নগরপিতা দের যদি জলাশয় নামিয়ে দেওয়া যেত আমার মনে হয় ফলাফল আরো ভালো হতো।
ব্যাঙ মশার বংশ বিস্তার দেখে মশার কাছে মাপ চেয়ে ফিরে আসবে আবার
"ঢাকার দুষিত জলাশয়ে গাপ্পি,তেলাপিয়া, হাসঁ এবং ব্যাংগাচী গুলো বেচে আছে কিনা সেটা কে দেখবে?"
Tanvir Ahmed কিছু বলে যান।মশা যেন চলে যায়।।
"Baki thaklo manus,,koi din por bolbe sobai moshar vorta khaor try koren,moshar recipe hobe jatio khabar"
"যদি ব্যাঙের উপদ্রব বেড়ে যায়
তখন"
সংশ্লিষ্ট কমকতাদের নিয়ে একটি ব্যাঙ কমিটি গঠন করা হোক এবং উচ্চতর প্রশিক্ষণের জন্য ভারতে পাঠানো হোক।
মেয়রের বাসায় কিছু ব্যাঙ ছেড়ে দেওয়া হোক।
আমার মনে হয় মশা মারার জন্য উত্তর কুরিয়া থেকে একটা পারমানবিক বোমা মারলে ঢাকা শহরের একটা মোশা ও থাকবে না গ্রান্টি দিতে পারি
Vhi cantronment aga Pathan amra ses mosar jontronay.
ওই কর্মকর্তা গুলাকে হাত-পা বেঁধে ব্যাঙের মত ছেড়ে দাও তাহলেই হবে।
সুধুমাত্র দুর্নীতি ছাড়ার অংগিকার করলে এসব মশা মাছি তাড়াতে আর এত কিছু লাগবে না
একটা ব্যাঙ আমাদের রুমে ছাড়ার আবেদন জানাচ্ছি
"""ব্যাঙ কিভাবে মশা মারে তা দেখতে বিদেশ যাচ্ছেন ২৫ সরকারি কর্মকর্তা"" আমি এরকম শিরোনাম আশা করেছিলাম।"
"এবার ছোট আতিক, আর A B C D পিটিয়ে শেখানো তাপসকে পানিতে ছেড়েদিন"
এর পর ব্যাঙ মারতে আবার সাপ ছেড়ে দেয় নাকি আল্লাহ ভালো জানে
একটা ওয়ার্ডে পরীক্ষামূলকভাবে করা যায় তার আগে কোন ভাবেই পুরো ঢাকা দক্ষিণ সিটিতে এই প্রকল্প করলে প্রকল্পের নামে লুটপাটই হবে ।
শুধু কামান লাগানো বাকি
Great initiative action . Ecologically that's r8
মেয়র দুটোকে রাস্তায় ছেড়ে দিলে কিছু মশা তাদের নিয়ে ব্যস্ত থাকবে। ফলে তৎক্ষনিক মশার উপদ্রব কিছু কমে আসবে।
দেইখেন কেউ যেনো আবার সাপ না ছাইড়া দেয়।
এমনিতেই নেড়ি কুত্তার কোনো হিল্লা হল না । তারপর আবার ব্যাঙ ?
আতিক আর তাপস বাকি থাকলো
ছোট বেলা থেকে একটা কথা শুনে আসছি যে মশা মারতে কামান দাগা..!
কিন্তুু এখন তো দেখছি পরবর্তী প্রজন্ম কে বলতে হবে মশা মারতে ব্যাঙ দাগা..!!
"BBC বাংলা কে ক্ষমা চাইতে হবে। সুনামগঞ্জে হিন্দু সম্প্রদায়ের বাড়িঘর ভাঙচুর ও অগ্নিসংযোগ ঘটনায় ইসলামী সংগঠন ও হেফাজতের বিরুদ্ধে মিথ্যা সংবাদ পরিবেশন করার কারণে , গরুর গোবর মুতের দেশ ভারতের দালাল BBC বাংলার সাংবাদিকদের ক্ষমা চাইতে হবে। অন্যথায় BBC বাং… See more"
"ঢাকা শহরের খালবিল নদীনালা হাওর ডোবার মধ্যে যে পানি আছে সেই পানিতো এখন আর পানি নাই সব পানি আলকাতরায় পরিণত হয়েছে,আর এই আলকাতরার মধ্যে যদি জলজ প্রাণী ব্যাং কে ছাড়া হয় তাহলে তাদের অভিশাপে ঢাকার সিটি মেয়রেরা করোনা ভাইরাসে আক্রান্ত হবে। সুতরাং সাবধান।"
টিনের চালে কাউয়্যা
সাংবাদিকের শাউয়্যা
মশা মারার দায়িত্বটা ছাত্র লীগের ভাইদের দিলেই হয়......
বিনা প্রশিক্ষণে কাজটা করা কি ঠিক হইলো..
পরের বার প্রতি বাসায় গরু সরবরাহ করা হবে। গরু তার লেজ দিয়ে ঘরের মশামাছি তাড়াবে।
"পরে আবার এই ব্যাঙ মারতে রাস্তায় গোখরা, কালাচ, রাসেল ভাইপো সাপ ছাড়তে হবে"
ভালোই আগে মানুষ ছাদে বাগান করত এখন ব্যাঙ চাষ করবো।
"ব্যাঙ বিদেশ থেকে আমদানি না করে,আমার নিকট থেকে কম দামে ক্রয় করার জন্য অনুরোধ করছি।"
বাকি শুধু ধান্দাবাজি ছেড়ে দিক তাহলেই সব নিয়ন্ত্রণে আসবে
"সুদখোর, ঘুষখোর,মদখোর দের নিয়ে ছেড়ে দিন দেখবেন মশা রক্ত খেয়ে বেহুশ হয়ে পড়ে মরে আছে।"
তার কিছুদিন পর এই ব্যাঙ মারতে সাপ ছাড়া হবে তারপর সাপ মারতে বাজপাখি আনা হবে এভাবেই চলবে প্রাকৃতিক খাদ্য শৃঙ্খল
আই রিয়েলি প্রাউড
জ্বিন। এরপর জ্বিন চিকিৎসা।
এর পর BBC কে নামানো হোক
"মশা বলতে বুঝায় ছোট আতিক কে,এদের দমন করতে বড় আতিককে মাঠে ছেড়ে দেওয়া দরকার
।"
এঁরা ব্যাঙ ছাড়বে কোথায়? ঢাকায় তো জলাশয় ও নেই!
মশা দমন কৌশল শিখতে ১০০ সরকারি কর্মকর্তাকে বিদেশ পাঠানোর অনুরোধ করছি।
মশা মারা প্রশিক্ষণ নিতে একবার বিদেশ থেকে ঘুরে আসা উচিত
"দুইটা গাধা তো ছাড়াই আছে,পাশাপাশি এখন কিছু ব্যাং ছাড়া মনে হয় কাজে আসতে পারে।"
আমাদের দুই মেয়র বাকি আছে
বাকি রইলো কুমিড়।ওটা ছেড়ে দিলেই হয়।
বাকি থাকলো সাংবাদিক।
কিছুদিন পর ব্যাঙ মারতে সাপ ছাড়া হবে।
"এরপর পাবলিকরে নামায় দিবে ডোবায়, খ্যালা শেষ।"
"ব্যাঙের
ইমোজি পোলাপাইন যেমনে ব্যবহার করেছে এবার ত ব্যাঙ ধরে রিয়েল ইমোজি ব্যবহার করবে৷"
"পরে ব্যাঙ মারার জন্য সাপ ছাড়তে হবে, তারপর সাপ মারার জন্য বেজি(নেউল) ছাড়তে হবে, তারপর বেজি মারার জন্য শেয়াল ছাড়তে হবে, অতঃপর শেয়াল মারার জন্য হাতি ছাড়তে হবে..."
সরকারি টাকা খাওয়ার চমৎকার আইডিয়া।
আর কত বিনোদন দিবেন?
ব্যাঙ তো ঐ বিষাক্ত পানিতে এক মিনিটেই চিৎপটাং হয়ে যাবে!!!
"বাকি থাকলো ""কামান দাগানো"""
দূর্নীতি বাজ হারাম খোরদের কে মারার জন্য সাথে কিছু হিংস্র বাঘ ও ছাড়ার আহ্বান জানাচ্ছি।মশা আর মশাই দুই জনের নিধন যরুরি
এতো নোংরা পানি কি ব্যাঙ পছন্দ করবে
কত কোটি টাকার ব্যাঙ ছাড়া হলো।
.
.… See more
ভালো উদ্যোগ। কিন্তু শুধু ছাড়লেই হবে না।
ব্যাঙ্গের বসবাসের ব্যবস্থা তো করা দরকার.....
"প্রবাদে আছে, মশা মারতে কামান দাগানোর কথা। এখন বাকী থাকলে ঐটাই আছে।"
এবার মশা মারতে বিদেশ থেকে বিষাক্ত মশাকেই আনা হোক।
"দুয়েকদিন পর আবার নিউজ আসবে,"
"‘ব্যাঙ পালন শিখতে বিদেশ যাচ্ছে 20 কর্মকর্তা, বাজেট 100 কোটি টাকা’"
ঢাকার পোলাপাইনে ব্যাঙ দিয়ে পিকনিক করবে।
"wtfff ,akhon dekha jabe 20-50 kuti takar bannng charbe"
মানুষদের বাড়ি ঘর থেকে বের করে পানিতে নামিয়ে দিন মশাসহ খেয়ে ফেলবে
অভিনব উদ্যোগ।
"ধরে ধরে পুরুষ মশা গুলো মেরে ফেললেই হয়,,,,,সহজ সমীকরণ ,,,"
কিছু মানুষ পাঠানো হোক!
কয়েকটা ব্ল্যাকমাম্বা ছেড়ে দিতে বলেন
এখানে কামানের কথা উল্লেখ করা হয় নি!
ব্যাঙ অনেক মশা খায়। ঢাকা এখন মশামুক্ত হবে তাইলে
king kong r godzilla
"#এখনো অনেক কিছু বাকি আছে,,,,"
পানির গন্ধে ব্যাঙ বেহুশ হয়ে যাবে
পার পিচ ব্যাঙের দাম কতো করে ধরা হয়ছে???
বেশি করেই বাজেট করিয়েন ব্যঙের বাজার মূল্য জনগণ জানে না।
নতুন করে নির্বাচন দিলেই মশা কমে যাবে।
"বিদেশ থেকে আমদানি করা ট্রেনিং এর সুফল জনগণ এখন পাচ্ছেন
।।"
কিছু দিন পরে ব্যাঙ ধরার জন্য সাপ। তার কিছু দিন পরে সাপ ধরার জন্য ইগল পালন।
বাকি থাকলো আম্রার ওবায়দুল কাদেরের শো মন্ত যাদু।
বাসায় বাসায় ব্যাঙ চাষ করতে হবে
ব্যাঙ উৎপাদনের জন্য কী বিদেশ যাওয়া লাগবে? গেলে আমারে নিয়েন
মশার দওয়াই মশরি
"কিছুদিন পর শুনবো,এক হাজার ব্যাঙ কিনতে ২ হাজার কোটি টাকা খরচ"
"আত্মকর্মসংস্থানের নতুন দ্বার উন্মুক্ত হল, ব্যাঙ্ চাষ শুরু করেন"
Rock Python বাকী আছে
বুঝলাম না চুল !
"মশা মার‌তে,"
কামন কে‌নো… See more
কিছুই করার দরকার নাই। কেবল প্রধানমন্ত্রী বলুক মাশারা মোদি বিরোধী। তাইলেই খেলা জমবে।
তাহলে বেকার সমস্যা সমাধানে ব্যাঙের চাষ করা উচিৎ
এবার কর্মকর্তাদের ছেড়ে দেয়া হোক।
ছাত্রলীগ ভাইদের দায়িত্ব দিলে মশা আর যায়হোক বাংলাদেশ ছাড়বে।
"আবার কয়দিন পর ব্যঙ মারতেও ঝামেলায় পড়ে যাবে কর্তৃপক্ষ, বাংলাদেশকে মোদি সহ সকল দিক দিয়া বিভিন্ন প্রাণী ঝাপিয়ে পড়ছে, ইয়া মাবুদ তুমি বাচানোর মালিক"
আর বাকি থাকল মেয়রের পোতা টা
ব্যাঙ মারতে কিছু সাপ ও ছেড়ে দিয়েন
"এতো কিছু লাগে না, শুধু সিটি করপোরেশন রাস্তায় ঠিকঠাক নামলেই মশা ধ্বংস হবে।"
"বিশিষ্ট কাউয়াকে নামিয়ে দেওয়া হোক। একাই সব মশা খেয়ে ফেলবে, চাপার যা জোড়।"
Koto 100 koty na 200 koty budget ...?
"আমার বাসাই ১০ টা ব্যাঙ লাগবে,মশা খুব বেশি"
ব্যাঙ না ছেড়ে বন্ধ্যা মশা ছাড়লে সম্ভবত বেশি কার্যকর হত।
"গণভবন ও বঙ্গভবনের যেভাবে মশা নির্মূল করেন,"
সেভাবে সারা দেশের মশা নির্মূল করুন।
"রাজশাহীতে দরকার, আর পারছি না...."
বাহ'সুদিরভায়েরা বাহ
বিবিসির সাংবাদিক কে এবার ছেরে দেওয়া হোক।
সরকারী টাকা কিভাবে নস্ট করা জাই কর্মকর্তারা খুব ভালভাবেই জানেন।
আমার মনে হয় এই ব্যাঙকে মশার দল ভক্ষণ করবে।
ঈদের পরে বিনপির বড়সড় একটা মিছিল হলে সব মশা চলে যাবে।
উন্নত দেশে এইরকমই হয়।
ভাবা যায় এগুলা?
কেন ভাই?
"মোদের সাহসী বাহিনী, জাতীয় গর্ব,মহান ছাত্রলীগ কই?… See more"
বিদেশ থেকে চাষ পদ্ধতি প্রশিক্ষণ নিতে হাজার কোটি বাজেট খরচ করতে হবে
অনেক বছর আগে দেশ থেকে ব্যাঙ বিক্রি করে দিছিল
এবার কামান বা পারমাণবিক বোমা অানলে ভালো হয়
ঢাকার ড্রেনে ব্যাঙ এনে ছাড়লে ও বাঁচবে না
কিছু ছারপোকা ছাড়া হউক
"হা হা রিয়েক্ট দেওয়ার পর কমেন্ট না করলে কেমন জানি একটা অপূর্ণতা থেকে যায়, তাই একটা কমেন্ট করে গেলাম"
ছাএলীগ ছাড়া তো আর কিছু বাকীঁ দেখছিনা
ডায়নোসর ছাড়া হোক....
ব্যাঙ ছাড়া শিখতে আমি বিদেশ যেতে চাই
ড্রেনের যা অবস্থা পাঁচ দিন পর একটাও থাকবে না সব চিত হয়ে যাবে
ব্যাঙের উপদ্রব বেড়ে গেলে তখন ব্যাঙ মারতে কি সাপ ছাড়বে??
Baki asi abar bbc sanbadik k sarte hobi
টিকটিকিও ছাড়া যায়। ঘর ভরে আমরা টিকটিকি রাখব। লাইটের পাশ দিয়ে ঘুরে বেড়াবে। সরকারের কাছে টিকটিকি দাবি করছি।
টাকা চুরি করার আরেকটি বিশেষ মাধ্যম।
Anaconda next
সাজা পাগলে দেশ ভরে গেছে
Nuclear Bomb নিয়ে আসবে ডেইজি আপা
"ঘোড়ার মতো যদি একটা করে লেজ থাকতো সবার তাইলে মশা তাড়াতে অনেক সুবিধা হইতো,,,,"
তারপর দুইদিন পর ব্যাঙ মারতে ছাত্র লীগ ছাড়তে হবে!! I’m sure
কিছুদিন পর আমরা খাদ্য শৃঙ্খল ও খাদ্য জাল এর রিপোর্ট দেখতে পাবো।
আর বাকি থাকলো ( মেয়র ব্যাঙ)এইডা রাজধানীতে না ছাইড়া ইন্ডিয়াতে ছাড়লে দেশের মশা এমনিতেই শেষ হয়ে যাবে।
আতিক আর তাপস ভাইয়ের বাসায় বড় সাইজের বেশ কিছু ব্যাঙ সরবরাহ করার দাবি জানাই।
মশা মারার উন্নত প্রযুক্তির দেখতে আমেরিকা সফরে 50 জন পাঠানো হোক।
আর বাকি আছে আপনারা
Kaiser Mahmud Md. Asaduzzaman Tipu আপনাদের কথা চিন্তা করেই পদক্ষেপ নেয়া হবে
ইহা কয়'শো কোটি টাকার প্রজেক্ট?
Erpore abar bang dhorte sap charbo
At last shap dhorte ojha anbo
Trpr ojha re dekhar jonne bow anbo
টাকা আয় করার পথ মাএ এগুলে তে কেন কাজে আসবে না
মেয়র আতিকের বায়োপিক ছাড়া হোক
ঢাকার যে পানি এই পানিতে ব্যাঙ বাঁচবে কি না আল্লাহ জানে।
একটা পারমাণবিক বোমা মারলেই ল্যাটা চুকে যায়!
এবার চামচিকা আমদানি আমদানি করলে ভালো হয়।
দূষণ বন্ধ না করে মশা নির্মূল করা কোনদিনও সম্ভব নয়
শুনে ছিলাম এ দেশে না কি এক বার বিমানে করে মশা মারার ঔষধ ছিটানো হয়েছিলো সেটা আবার কারা হোক
""
উদ্ভট চিন্তাবিদদের মশা মারার জন্য ব্যাঙের সাথে ছেড়ে দেওয়া হোক l
আমার গ্রামের বাড়িতে অনেক আছে লাগলে বলিয়ে ফ্রিতে দিয়ে দিবো তাও জনগণের টাকা হরি লুট করিয়েন না।
এদেশে ব্যাঙ হয়ে জন্ম নেয়াও অভিশাপ।
আমার বাড়িতে সাদা-কালো একটা কুকুর আছে। মশা মারায় এক্সপার্ট। ভাড়া নিতে পারেন কুকুর টা।
হাহাহা এক সময় দেখা যাবে সেই ব্যাঙ মারার জন্য সেনাবাহিনী নামাতে হবে
ঢাকার মশা রে এখন ব্যাংগেও ভয় পায়
এবার ছোট আতিকের খবর আছে
এর পর ডোবায় নামানো হোক কর্মকর্তা দের।
অনেকদিন ব্যঙের ডাক শুনে ঘুমাই না
হাস ছাড়ছিল কবে?
সরকারি টাকার সদ্ব্যবহার কিভাবে করতে হয় তা ঢাকার দুই সিটি কর্পোরেশন দেখিয়ে দিয়েছে।
ব্যাঙ ছাড়ার জন্য কত টাকা বাজেট আর এই ব্যাঙ ছাড়া শিখতে আবার বিদেশ সফর করতে হবে নাকি
আর বাকি থাকল নেতারা...!!
"এর পরের আপডেট নিউজ হবে বিদেশ থেকে বেঙ্ আমদানি বাবদ খরচ ---- কোটি টাকা,"
এর পর ছাত্রলীগ মোতায়েন করা হবে
কিছু দিন পরে দেখবেন ব্যাঙ চাষ দেখতে ২০ জনের বিদেশ সফর ব্যায় ১০০ কোটি টাকা
কিছু ব্যাঙ বিক্রি করতে চাই
দূষিত পরিবেশের কারনে ব্যঙ কয়দিনেই মরে শেষ হয়ে যাবে।
মশা মারতে কামানের ব্যাবহার প্রয়োজন ছিল
মশা মারতে ব্যাঙ নিয়ে ছেড়ে কামান হলে ভালো হতো।
"সংশ্লিষ্ট কর্মকর্তা দের ময়লার ভাগাড়ে বেধে রাখা হোক যাতে মশারা তাদের নিয়ে ব্যস্ত থাকে, তাহলে হয়তো জনগন একটু শান্তিতে বসবাস করতে পারবে।"
এর পরে ব্যাঙ মারার জন্য সাপ নিয়ে আসা হবে
এখন ১০ কোটি টাকার ব্যাঙ কিনা উচিত
কাজ হবে কাজ যদি ব্যাঙ বেঁচে থাকে। ঐ নর্দমায় ব্যাঙও বাঁচবে না
সাপ ছাড়তে হবে। কিং কোবরা।
BBC এর রিপোর্টার।
Beng charar jonno posikkon dite bides jaoya hok
"ঢাকায় কুকুরের সংখ্যা বেড়ে গেছে, এটার প্রস্তাবনাকরা যেতে পারে"
এই ফরমুলা কোন বিজ্ঞানীর
২ মেয়র কেও ছাড়া হোক
"ব্যাঙ কিভাবে মশা তাড়াবে
ব্যাঙের পক্ষে কি মশা নিধন করা সম্ভব"
এরপর দুই মেয়র তাদের সহযোগী দের নিয়ে নামবে।
ব্যাংক ছাড়া প্রশিক্ষণ শিখার জন্য আবার বিদেশ যেতে হবে কত কর্মকর্তা
ছাত্রলীগ থাকতে এত কিছু নামানো কি দরকার!!!
কি আর বলব দুঃখের কথা বাংলাদেশের সরকারের লোকজনের কথা শুনলে হয় পেটে ব্যথা
"এইবার ব্যাঙ্গের সেনাপতি হিসেবে দুই মেয়রকে, ব্যাঙ্গের সাথে নর্দমায় নামিয়ে দেওয়া হোক"
বিষাক্ত ঢাকায় ব্যাং কি বাচবে!!
"মশার নামে মামলা দেন, ভয়ে শালারা বিদেশে পালাইবো"
কোটি টাকা খরচ করে বিদেশে ট্রেনিং এ গিয়ে মনে হয় এইসব ই শিখছে এরা
এই কর্মকর্তাদের ঝাড়ু পেটা করলে মশা এমনিতেই ঢাকা ছেড়ে পালাবে!
সবার আগে পানি দূষনরোধ করতে হবে! এতো মশা ব্যাংঙেগ খাইতে পারবে না!! অবৈধ দখলে উচ্ছেদ করতে হবে ঢাকার সব জলাশয়ের!
তা ছাড়া হাতি ছাইড়া দিলেও লাভ হবে না
ব্যাঙ ছারবেন ঠিক আছে! কিন্তু ব্যাঙ ছারবেন কোথায়! সবার বাসায়?
একেই বলে মশা মারতে কামান দাগা
যার মাথা থেকে এই বুদ্ধি আসছে তাকেই ছেড়ে দেওয়া হউক
বলদ এগুলো দিয়ে কিছু হবে না বরং উন্নত দেশের মতো বন্ধাত্ব করে মশা ছাড়তে হবে। তাহলে আসতে আসতে বংশবৃদ্ধি কমে যাবে।
কয়েক টা ছাত্রলীগ ছেডে দিলে কেমন হয়?
হাসাহাসির কিছু নাই।।একটা ব্যাঙ প্রতিদিন তার ওজনের সমপরিমাণ পোকা খেতে পারে।।
মেয়রদের কে ছেড়ে দেয়া।
এর পরও সমস্যার সমাধান না হলে বলবে এগুলো বিএনপির দোষ
"ব্যাঙ ছাড়া শিখতে তো কেউ বিদেশ গেলো না, কেমনে ছাড়বে ব্যাঙ?"
বি বি সি কে ব ল ছি
কামান এর দিন কি শেষ ?
মানুষ ছাড়তে বাকি আছে এবং সাথে সেক্সলেস মশা ছাড়তেও বাকি আছে।
"বড় আতিককে ছেড়ে দেন, ছোট আতিককে মারার জন্য।"
"সামনে আরো অনেক কিছু আসবে (কমান, গুলা, ভারুদ)"
ব্যাঙ এর সাথে সাথে কিছু চেঙ্গ ছাড়তে পারে
পাগলের পাগলামি না না ছাগলদের ছাগলামি।
halara bidasha agulai shikta jai!!!!!!!!!!!!!!!!!!!!!!!
ডেনের পানির যে অবস্তা ব্যং গুলা আগে মারা যাবে
আর ব্যাঙ মারতে সাপ
অযোগ্য ক্ষমতায় বসলে যা হয়।
সব শেষে পরিবেশ বান্ধব মশারী!
ব্যাঙ থাকবে কোথায়?
"তারা জনগণের সেবা দেওয়ার সময় নাই ,,,,,, সারাক্ষণ লোটপাট ও দুর্নীতি করেই ক্লান্ত"
মানুষে মশাকে রোষ্ট কেরে খাওয়া বাকি আছে
সাপ ছাড়ার বাকি আছে
বিদেশে ব্যাঙ ছাড়ার প্রশিক্ষণ না শিখতে গেলেই হয়
মশার কামড়ে আর পানি দূষণে ব্যাঙ গুলো মারা যাবে
"বনখেকো, নদীখেকো, ব্যাংকখেকো বা রিসার্ভখেকো দের মত মশা খেকো বাকি আছে"
ছাত্রলীগ যুবলীগ থাকতে ব্যাঙ ক্যান .....
এরপরে যুবলীগ ছাত্রলীগ কাসুন্দি লীগ ঘটিলীগ বাটি লীগ ইত্যাদি ইত্যাদি।
"এরপর নিউজ আসবে "" এইবার ব্যাঙ ছাড়া শিখতে বিদেশ যাচ্ছেন ১০ কর্মকর্তা !! বাজেট ২০০ কোটি। """
এরচেয়ে ছাত্র যুব আওয়ামীলীগের খাও খাও পার্টির সদস্যদের ছাড়লেই হয়!
কিছু ছাএলীগ ছেড়ে দিলেই হয়
বাঙালি কবে মানুষের বাচ্চা হবি তোরা
বুদ্ধি দেখছি মাথায় কাতুকুতু দিচ্ছে
আচ্ছা.....
প্রতি পিছ ব্যাঙ্গের দাম কতো পরতে পারে?
"হা হা ক‌েন বুঝলাম না! ঠিকই ত‌ো, bio pest management"
এই ব্যাঙ গুলো খাইতে Rasel Hossain এর ৫ মিনিট সময় লাগবে
এরপর ব্যাঙ ধরতে সাপ ছেড়ে দিতে হবে। তাঁরপর‌‌‌ সাপ কিভাবে মারতে হয় তার প্রশিক্ষণ নিতে দক্ষিণ আফ্রিকা সফরে যাবে। চলিতেছে সার্কাস
"পরে ব্যাং মারতে ছোট ছোট সাপ ছাড়বে,আর ছোট ছোট সাপ মারতে ছাড়বে এনাকোন্ডা"
লাভ নাই! ঢাকার পানিতে ব্যাঙ ঠিকবে না
যে বা যারা ব্যাঙ খায় - তাারা ধরেধরে খেয়ে ফেলবে
দুই মাদার সোধ মেয়র হিসাবে বসে বসে তামসা করতেছে জনগণের সাথে
দূষিত পানিতে সাঁতার কেটে ৭ দিনে ব্যাঙ মরে যাবে
ব্যাঙ্গ মারতে আবার সাপ যেন না ছাড়ে!
ব্যাঙ মারতে কি ছাড়বে
কয়কোটি করে দাম পড়বে এক একটার?
ব্যাঙ মারতে কি ছাড়বেন??
এর জন্য বাজেট কত?
"কুটি কুটি টাকা মেরে দিয়ে এখন ব্যাঙ ছারছে,,, পরিষ্কার পরিছন্ন এবং প্রতিশপ্তাহে মশা নিধক ঔষধ দিলে তো টাকা লাগে,, তাই এই ব্যাঙ্গের খেলা চলছে"
Singapore poth onosoron kora ocit ta hole ollpo dine folafol milbe.
ঐখানে মেয়রদের ছেড়ে দেওয়া হোক
Mosari tai baki ase
কিছু কমন নিয়ে আসলে ভালো হতো
দুই মেয়রের ডোবায় নেমে পরলেইতো হয়!
এদের কি দরকার?
আমাদের দেশের সকরারি চাকুরীজীবি বাবুরা ত অফিসে বসে মসা মাছিই ত মারে বাইরে এসে মারুক
এই সব শুধু মানুষ কে দেখানোর জন্য
আমার ঘরে কিছু দিয়ে যাইয়েন
এর পর না হলে তাপস আর আতিকুল নর্দমায় নামলেই হবে।।।
"তব একদল লোক বলবে,, দেশের উন্নতি হচ্ছে না"
কোর্সটা কোথায় থেকে শিখে আসল
শুধু কমেন্ট পরে চলে যাচ্ছি
ব্যাঙ বাবদ কত শত কোটি টাকা বাজেট হয় সেটাই এখন দেখার বিষয়!
কত কোট টাকা বাজেট?
কালবৈশাখী ঝড়ে কি মশা কমবে?
"ভাগ
‍
্যিস হাতি ছাড়ছেন না"
দেখেন ব্যাঙ ছাড়তে কতটাকা লুটপাট হয়েছে।
"কি বাকি থাকলো এটা বাংলাদেশের আবহাওয়ায় থেকে চিন্তা করলে হবে না,,, বিদেশে যেতে হবে ....সি বীচ এ শুয়ে ভাবতে হবে"
বাংলাদেশে দিন দিন পাগলের সংখ্যা বেড়ে চলেছে
আচ্ছা এই ব্যাঙ যদি পায়ের তলায় পরে মরে যায় মামলা হবে কি?
খরচ কয় হাজার কোটি টাকা?
মুদি আসলে ব্যাঙ লাগবেনা মশা এমনিতেই পালাবে
শালার...পাগলের মাথা খারাপ হয়ে গেলে যা হয় আরকি
কমেন্ট পড়ে যা দেখলাম আমি আর কি বলবো যা বলার আদালতে ই বলবো
কুমির নিয়ে আসলে মনে হয় ভালো হতো
ড্রেনে ব্যঙ নামতে দেরী মরতে দেরী হবে না।
পরে ব্যাঙ মারার জন্য পরে সাপ আনতে হবে।
"এখন তো কেউ আর বলতে পারবানা, সিটি কর্পোরেশন মশা মারতে কামান ব্যাবহার করছে!"
মশা মারতে ব্যংঙ ব্যাবহার হচ্ছে ব্যংঙ
জলের যে অবস্থা। ২ সেকেন্ডেই মরে যাবে ওরা
Why not?
আমার সোনার বাংলায় মশার কুনো টাই নাই
একদল জানোয়ার ছাটতে বলেন দেখবেন এটা অনেক কার্যকরী হবে এটা আমার পরামর্শ।
যে ময়লার গোডাউন ঢাকা এই ব্যাঙ নিজেই মরে যাবে।
এরপর ব্যাং কমানোর জন্য সাপ ছারবে!!
ব্যাঙগুলো সব চায়নায় আর রেষ্টুরেন্টে সাপ্লাই হয়ে যাবে
তেল চুরি করা বাদ দেন মশা চলে যাবে।
তাপস কে ছেড়ে দিলে একটা মশাও থাকবে না
নিয়মিত ঔষধ ছিটানো একমাত্র সমাধান
১০০ মশা মারলে ১০টাকা এই অফার ছাড়েন তাহলে কাজ হতে পারে
কামান দাগানো ও শেষ।এরপর মশারা হবে সংখ্যাগুরু।আমরা লগু।
শুধু টাকা খাওয়ার ধান্দা আর কিছু না।
সবগুলো চোর।
কামান ফিট করতে পারেনি?
কর্মকর্তাদের ডোবায় ছেড়ে দিতে হবে!
ai beng amdani korte koto taka bazet korca jante cai
নিরীহ ব্যাঙ গুলোকে বিষাক্ত পানি দিয়ে মেরে ফেলার ধান্দা
এবার মশা খেকো মানুষ আমদানি করতে হবে
"এদের মত বুদ্ধিপ্রতিবন্ধী থাকলে যা হয় আরকি! আবার শুনবো ব্যাঙ মারতে সাপ ছাড়বে, সাপ ধরতে উট ছাড়বে। আবার কেউ উটের তদারকি করতে আসবে। এভাবে চলতেই থাকবে, চলতে চলতে মাঠে আবার মশা নামবে।নতুন করে আবার আগের পর্ব চলবে। এই আরকি সব ধান্ধা
!!"
আবার এসব ছাড়া কিছু গ… See more
ব্যাঙ না ছেড়ে ছাত্রলীগ যুবলীগকে মশা মারার জন্য ছেড়ে দেয়া হোক। ওনারা তো আবার মারামারিতে এক্সপার্ট। আশা করছি মশা মেরে ওনারা বিশ্ব রেকর্ড করতে পারবেন। আর মুজিব বর্ষেরও এক অনন্য প্রাপ্তি হয়ে থাকবে
আগের মেয়র আনিসুল হক তো বলেছিল
গাপ্পি মাছ ছাড়লে মসা খেয়ে ফেলবে মাছ এ
দেখেন আবার দেশে ব্যাঙের উপদ্রব বেশি হইলে পরে যেন সাপ না ছাড়া হয়?
প্রাকৃতিক ভাবে ব্যাঙ প্রজনন ও এর প্রজাতি রক্ষা করতে হবে। সাপ-ব্যাঙ-শকুন-কেঁচো-পেঁচা ইত্যাদিরা আমাদের প্রকৃতির ভারসাম্য রক্ষা করে তাই এই উদ্যোগ যেন লোক দেখানো বা ধান্দা ফিকির না হয়।
১৯৭৮ সাল থেকে ব্যাং রপ্তানী করে সর্বপ্রথম সর্বনাশ ডেকে এনেছিল। ইন্ধনে ছিল বিদেশী সার ব্যবসায়ীরা। সাহায্য করে এদেশের মীরজাফররা।
ব্যাঙে মুতলে ও নাকি ঢাকা শহর পানিতে থৈ থৈ করে!
তাহলে এখন কি হবে?
কুমির আর হাঙ্গর ছেড়ে দিলে সব ঠিক হয়ে যাবে কথা দিচ্ছি
বাকি রইলো মশা মারতে কামান দাগানো
আওমিলিগের নেতাকর্মী ও সমর্থকদের মাঠে নামানো হোক
এবার ঢাকা হয়ে যাবে ব্যাঙ্কক
"আমদানি হবে কোন দেশ থেকে,,,,"
এবার বাকি থাকলো মেয়র
Cartoon Network.... Jio BD
"আবার দেখবেন পরে ব্যাঙ ছাড়া শিখতে বিদেশ যাবে প্রশিক্ষণ নিতে
খরচ ২ কোটি টাকা"
মসা মারতে বিদেশে কর্মকতা কর্মচারীদের প্রশিক্ষন দেওয়ার জন্য আবেদন জানাচ্ছি যার বাজেট হবে ১ কোটি টাকা
সেই ব্যাং এর গলায় ঘন্টা পড়ানো শিখতে বিদেশ সফর কর্মকর্তাদের। খরচ ১৪ কোটি টা মাত্র
- সুত্র : কুত্তাটিভি.কম
মশা মারতে কামান নামানো বাকি আছে আর।
মশা মন্ত্রী থেকে পদোন্নতি পেয়ে অবশেষে ব্যাঙ মন্ত্রী
আগে মাছ ছেড়েছে এবার ব্যাঙ তারপর সাপ ছেড়ে দিবে মশা মারার জন্য।
ব্যাঙ কি ছোট আতিক কে খেয়ে ফেলবে
সাথে সাপও ছাড়া হউক এদেশে রক্তচোষা দুর্নীতিবাজ মশাদের নিধন করার জন্যে
কামান
""
লুটপাট করতে থাক
আমরা
নতুন ধান্দা!
মশা নিধনে চাইলে বাংলাদেশ কে অনুসরণ করতে পারে আমেরিকা।
""
এরপর ব্যাঙ মারতে সাপ...
মশার দেশ বাংলাদেশ
Good idea
সকল পন্যে ৫০% ডিসকাউন্ট https://www.facebook.com/groups/resell.org
এটাই বাকি ছিলো.....
লুটের রাজ্য
কামান আসবে কবে
কামান দেগে দে ভাই
","
Sei lvl er brain
বাকী থাকল কামান।
"জয় বাংলা , জয় ব্যাঙ লীগ ।"
বাকি থাকল ছাত্রলীগ
""
Good initiative
কামান লাগবো
বাজেট কত?
কামান
Go back modi
নতুন পাগলের খেলা
"আ,লীগের উন্নয়ন
।"
""
তাতে কত টাকা বাজেট
ওরে বিনোদন
না আমি বিশ্বাস করিনা।
মাটি ভরাট....
বাজেট কতো?
অফারে দিয়ে দেন 100 মশা 10 টাকা
ভাল আইডিয়া
এরপর কুমির ছাড়বে
আই এম রিপন ভিডিও
সব চোরের দল
সাপ অথবা কামান
Alhamdulillah
আরো কতো কি দেখতে হবে আল্লাহ জানেন।
Spider
Dandha
""
Good news
বাকি থাকলো ছাত্রলীগ।
আ হা হা আ হা হা
তারপর ব্যাঙ মারার জন্য সাপ ছাড়বে....
ছোট আতিক কামড়াইছ না......
Gd initiative
আর বাকি রইলো কামান!
ছাত্রলীগে বাকী
Creative idea
ভাই অনেক কষ্ট করে ভিডিও বানাই।
অনেক ভালো ভিডিও দেওয়ার চেষ্টা করি কিন্তুু ভাই সাপোর্ট পাচ্ছি না। অনেক আজেবাজে CHANNEL ও তো SUBCRIBE করেন আমারাটা না হয় আজেবাজে ভেবেই কইরেন। দয়া করে ভিডিও গুলো একবার দেখুন। ছোট বোন হিসেবে একটা অনুরোধ রইলো ভাই একটা SUB… See more
ছাগলে ভরে গেছে।
চলিতেছে সারকাচ
"হখলে
ছাড়ছেন"
মশা মারতে এখন কামান টা বাকি আছে
১০০ কোটি ব্যাং লাগবে Maybe
তারপর বিবিসির সাংবাদিক!
ভালো উদ্যোগ!
খেলা হবে
এতো দেখি মশা মারতে কামান ডাঁকা!!!
Good job
হাসমু কাশমু বুঝবার পারছিনা।
জনগণের টাকার হিসাব দিতে হবে। আল্লাহ র কাছে।
আর কতো পাগলামি দেখবো
Ridiculous!
Spider-man
কাক্কু টিকটিকি!
কামান আনে নি কপাল ভালো
কামান...
এবার ব্যাঙলীগ
সাবাস!
বিনোদন আর বিনোদন
BBC সাংবাদিক বাকি
কামান লাগবে
কামান ছাড়বে কবে
এটা খুবই ভালো উদ্যোগ
ঘ
""
বাকী রইলো ছাত্রলীগ
কামান
ছাত্রলীগকে দায়িত্ব দেওয়া হোক
ছাত্রলীগ কে ছেড়ে দিতে বলুন!!!!
বাজেট বিজনেস।
বাকি থাকল কামান৷
নতুন প্রজেক্ট
নতুন ধান্দা
Natok
কামান ব্যবহারের অপেক্ষা রইলাম।
ridiculious!
টিকটিকি বাকি আছে
তোগো হেডা
Good
ছাত্রলীগ
নুনু ব্যাং
"আজকে আর কমেন্ট করবো না, কমেন্ট পড়ে ই মন কে শান্তনা দিবো"
বাকি থাকলো চামচিকা
সাপ
kaman
"আজকে আর কমেন্ট করবো না, কমেন্ট পড়ে ই মন কে শান্তনা দিবো"
আতিকরে ছাইরা দে কেও
