"পুলিশ বলছে, ভারতের প্রধানমন্ত্রীকে কটাক্ষ করে ফেসবুকে স্ট্যাটাস দিয়েছিল কিশোরটি"
বাংলাদেশ ভারতের অঙ্গ রাজ্য হতে আর বাকি নেই ।
ভাল ই নাটক চলছে দেশ নিয়ে ।
দেশটা ক্ষমতাসীনদের আর আমরা সাধারণ জনগণ হচ্ছি রোহিঙ্গা জনগোষ্ঠীর মত ।
পশ্চিমবংেগ নির্বাচন সারাদিন মানুষ মোদিকে লাইভ TV চ্যানেল এর সামনে গালাগালি করে কোন মামলা হয় না।আর আমাদের মার চেয়ে মাসির দরদ বেশী।
"অচিরেই জালিমরা জানতে পারবে, তাদের প্রত্যাবর্তনস্থল কোথায় হবে।’ (সুরা : শুআরা, আয়াত : ২২৭)"
"বিজেপির অনেক গুরুত্বপূর্ণ মন্ত্রী, এমপি, এমনকি নরেন্দ্র মোদি ও, বিভিন্ন সময় বাংলাদেশকে আক্রমণ করে কথা বলে,তখন আমার দেশথিকে কোন প্রকার প্রতিবাদ করা হয় না।ভীনদেশী একজন সাম্প্রদায়িক দাঙ্গা কারি বেক্তির জন্য আমার দেশের ছাত্রকে আটক করাহলো....."
এটাই হচ্ছে স… See more
কত জন আটক করবে? আওয়ামী লীগ ছাড়া পুরো দেশটা ই মুদির আগমন বিরোধী
"জল ও স্থলভাগে যে বিশৃঙ্খলা দেখা দিয়েছে তা মানুষের কর্মের ফলস্বরূপ।’ (সুরা : রুম, আয়াত : ৪১)"
"উগান্ডার প্রধানমন্ত্রী বলেছেন, মত প্রকাশের স্বাধীনতা আছে। আপনারা যা খুশি বলতে পারেন, কিন্তু বলার পরে স্বাধীনতা থাকবে কিনা তা বলতে পারি না।"
বিএসএফ সীমান্তে বাংলাদেশিকে মারলে তার কোন জবাব দিহিতা নেই। সেই বাংলাদেশে মোদিকে কটাক্ষ করলেই গ্রেফতার। আমাদের সরকার দেশের নাগরিকের জীবনের থেকে অন্য দেশের নাগরিকের সন্মান কে প্রাধান্য দেয় বেশি।
"জাতি হিসেবে আমরা অধম। নেপালীরা সব দিক থেকে দুর্বল কিন্তু জাতীয়তার হিসেবে আমাদের থেকে হাজার হাজার গুন উপরে। নিজের প্রতি ঘৃনা হয়। কালকে ও একজন মারল সীমান্তে, অথচ আমরা তাকেই বরণ করছি।"
কয়েকদিন আগে সুনামগঞ্জে যে ছেলেটিকে কথা বলার জন্য আটক করা হয়েছে তাকে ও এই ব্যক্তিকে মুক্তি দেওয়ার দাবি করছি৷ কথা বলার জন্য কাউকে হয়রানি করা ঠিক না৷
অন্য দেশের প্রধানমন্ত্রী তাকে নিয়ে আমাদের প্রশাসনের এত মাথা ব্যাথা কেন ?
প্রশাসন কি বাংলাদেশের না ভারতের টাকায় চলে?
তার নিরাপত্তা দেওয়াই প্রশাসনের কাজ … See more
"বঙ্গবন্ধু জাতির পিতা আর মোদি হচ্ছে ক্ষমতার পিতা তাই বিতর্কিত ব
‍
্যাক্তি হওয়ার শর্তও তাকে আনতে হবেই!"
এতো গুরু অপরাধের লগু শাস্তি!
যেই মোদির পা চেটে আমরা ক্ষমতার মসনদে।সেই মোদি’কে অপমান!!!!!
কতবড় স্পর্দা!
"wow!!! আমার বাংলাদেশ আজ অভ্যন্তরীন নাগরিকদের সম্মান ছাড়াও ভীন দেশের নাগরিকের সম্মান নিয়ে সচেতন। ইনশাল্লাহ এই বাংলাদেশ ১দিন গোটা বিশ্বের সবার নিরাপত্তা ও সম্মানে দায়িত্ত পালন করবে। শুভকামনা রইল,,,,,"
বই মেলাতে কি এখন আগের মত ভিড় হয়...
এইটা কিন্তু রাজনৈতিক মন্তব্য না...
কিছু কুলাঙ্গার ছাড়া বাংলাদেশের সমস্ত মানুষ মোদির আগমন বিরোধী
।
এটাই হচ্ছে গণতন্ত্র আহারে সোনার বাংলাদেশ।
যেখানে মানুষের নিজ মত প্রকাশ এর অধিকার নেই সেখানে কিসের গণতন্ত্র।
এমন গণতন্ত্র ভরে আমি প্রসাব করি।… See more
"কটাক্ষ করছে মাত্র জুতা দিয়ে তো মারে নাই। মোদি এমন কোন ভদ্রলোক না যাকে কটাক্ষ করলে জেল খাটতে হবে! অবিলম্বে ঐ কিশোরের মুক্তি চাই, মুক্তি চাই !"
"বিজেপির অনেক গুরুত্বপূর্ণ নেতা,এমপি, মন্ত্রী ইবেন কি নরেদ্রমোদী ও বিভিন্ন সময় বাংলাদেশ নিয়ে আক্রমন করে কথা বলে,তখন আমার দেশের পক্ষ হতে কোন প্রতিবাদ হয়না।"
"তা ছাড়া ভারতের বর্তমান সরকার তার উগ্রনীতির জন্য সে দেশে ও সমালোচিত,তার বেপারে বলার কারণে গ্রেপ্ত… See more"
মার চেয়ে মাসির দরদ বেশি মনে হচ্ছে। আমি মনে করি সাধীন বাংলাদেশের সার্বভৌমত্ব রখ্যায় কোন নেতা আর জন্মাবেনা। যারা অতিতে ছিল তারা সবাই আকাশের তারা গনছে। কিন্তূ এখন যারা আছে তারা কোন দেশের মানুষের কাতারে পরে না। আজ কিছু ব্যক্তি বিশেষ মার খাচ্ছে কিন্তূ কাল… See more
"একজন বিদেশি প্রধানমন্ত্রীর কোন দেশের সফরের প্রতিবাদে সাধারন নাগরিক প্রতিবাদ করতেই পারে। এটা তার অধিকার, তার স্বাধীনতা। এমন ঘটনা পৃথিবীর বহু দেশে ঘটে থাকে। একজন মানুষের প্রতিবাদ করার স্বাধীনতার হস্তক্ষেপ কোন গনতান্ত্রিক সরকার করতে পারেনা।"
নরেন্দ্র মোদি খুব ভাগ্যবান কেননা নিজ দেশ ভারতে কটাক্ষ করলে কাউকে গ্রেফতার করা হয়না কিন্তু বাংলাদেশে করা হয়
মোদি মনে হয়ে পুলিশের বাপ লাগে
"সংবিধান এ মত প্রকাশের যে স্বাধীনতার কথা বলা আছে তা সংশোধন করা হোক রাস্তায় মত প্রকাশ করা যাবেনা ফেবুতে করা যাবেনা যাবেটা কোথায় ওনারা বলে দিক, আর একজন মুসলিম বিদ্বেষীর কটাক্ষ আমরা মুসলিম হিসাবে করতেই পারি তাতে দোষের কি"
"আমাদের রাসূল সাঃ কে কটাক্ষ করলে ঐ ব
‍
্যক্তি নিয়ে আন্দোলন করা পর্যন্ত পুলিশ কিছুই জানতে পারে না"
আর মুদি কে কটাক্ষ করাই পুলিশ নিজ দায়িত্বে কাউকে গ্রেপ্তার করে নেই
অথচ সয়ং ভারতেই মোদীকেকে নিয়ে কটাক্ষ করা যায়!
"প্রশাসনের উচিত যারা অনলাইনে এবং অফলাইনে মোদী বিরোধী আন্দোলন করছে বা কটাক্ষ করছে তাদেরকে গনগ্রেপতার করা হোক। ভারত আমাদের বন্ধু রাষ্ট্র, তাদের নেতা আসা মানে বন্ধু আসা। যারা বন্ধুর আসাটা পছন্দ করছেন না তারা বাংলাদেশের ইতিহাস পড়েন না। মনে রাখা উচিত বাংলাদে… See more"
স্বাধীনতার ৫০ বছরে অর্জন হচ্ছে অন্য একটা দেশের প্রধানমন্ত্রী কে কটাক্ষ করার জন্য গ্রেপ্তার হতে হয়। একদিন এই জুলুমের অবসান হবে ইনশাআল্লাহ।আমরা স্বাধীন দেশের নাগরিকের মতোই জীবনযাপন করব
"আমরা সবাই বাংলাদেশের নাগরিক, মুদি বাচবে কি মরবে সেটা ভারতের ব্যপার তাতে বাংলাদেশের নাগরিক কেন আটক হবে। এটা স্বাধীন বাংলাদেশ। সবার সমানভাবে বাঁচার অধিকার আছে।"
এতোদিন শুনতাম এখন দেখি বাস্তবে দেশটা মনে হচ্ছে ভারতের অংগরাজ্য হয়ে গেল এদেশের কিছু দালাল নেতাদের কারণে
আসলেই ছেলেটার বিরুদ্ধে দেশদ্রোহী মামলা দেয়া উচিত ছিল সে ভারতের অংগরাজ্যে থেকে এত সাহস কোথায় পায়
পেছন লাল করে দেওয়া উচিত ।এইটুকু পিচ্চি এখনই এত সাম্প্রদায়িক মনোভাব।এই বিষাক্ত পোলা দেশের শত্রু
"আহা,এটাতো খুবই দুঃখের বিষয়,বাংলাদেশের পায়ুপথ যোদ্ধারা মুদিকে নিয়ে একটু নাহয় বলেই ফেলেছে,, তাতে এমনটা না করলেও হতো ,পায়ু যোদ্ধা জিন্দাবাদ।"
গণতান্ত্রিক দেশ স্বাধীনতার ৫০ বছর পুর্তি উৎযাপন করবে নিজ দেশের জনগনকে জেল জুলুম আর মামলা দিয়ে।
মানুষের মনে ভৃতি সঞ্চার করার জন্যই এসব করা হচ্ছে
"If i love India more than Bangladesh what will be then? Will i get any reward? If someone hates any other nations for some reasons he gets the punishment!! So, if i love IND more than BD why shouldn't i be rewarded My Lord?"
নিজের দেশে পরাধীনতার এক অনন্য নজির
"কয়েকটি গোষ্ঠী লিখে সংবাদ "" কোট"" করার মানে কি BBC News বাংলা?"
বাংলাদেশের ম্যাজোরিটি (৭০% ) মানুষ চরমমাত্রায় ভারতবিরোধী!
কসাই মোদির বিরুদ্ধে কথা বলা একজন দেশ প্রেমিক হিসাবে আমাদের দ্বায়িত্ব!
"বর্ষা মৌসুমে বাধ ছেড়ে দেওয়া,"
"প্রয়োজনের সময় পেয়াজ রপ্তানি না করা,… See more"
সাংবাদিক একটা বেজন্মা।শিরোনামের সাথে ভিতরের খবরের বেশ গড়মিল।এই সাংবাদিক হারামির বাচ্চা অসৎ উদ্দেশ্যে শিরোনাম করেছে।
"এ কেমন আইন, ভারতের জন্য কেনো এতো দরদ,আল্লাহ্‌ উত্তম বিচারক। হে আল্লাহ্‌ জালিমদের হেদায়েত দিন না হয় ধংষ করে দিন।"
বাংলাদেশ এমন একটি দেশ যে দেশে ইসলাম এর বিরুদ্বে কথা বল্লে কাউকে আইনের আওতায় আনতে পারে না।আর আজ কোন ছেলে ভারতের মোদিকে কি বলছে সে জন্য পুলিশ তাকে আটক করছে।হায় ডিজিটাল বাংলাদেশ
এদেশে এতো মোদি সন্তান জানা ছিলো না।বাপের বিরুদ্ধে কিছু বললেই এদের গা জ্বলে!
এটাও কি ক্ষমতার কেন্দ্রীয় প্রধানমন্ত্রীর আগমন উপলক্ষে মাননীয়া মূখ্যমন্ত্রীর তৈলাক্ত উপহার!
আপনি ভারতীয় মৌলবাদকে স্বাগত জানাবেন আর দেশীয় মৌলবাদকে ঘৃনা করবেন।
তাহলে সেটা কি স্ববিরোধিতা নয়?
হাল্কা বাতাসে লুংগি আকাশে
"দালালের দলরা পায়ুপথ পরিস্কার কর
আইতাছে তগো ভাতার
পাছার ভিতর ডুকাবে এবার পদ্মা সেতুর পিলার"
"এমন হলে সারা বাংলাদেশকে কয়েদখানা বানাতে হবে, যদিও সরকার সেটাই চায়।"
মুদি বঙ্গবন্ধু বা বাংলাদেশের স্বাধীনতা উদযাপন এর জন্য বাংলাদেশে আসে না। মূলত মুদি তার নিজের স্বার্থ আদায়ের জন্য বাংলাদেশে আসতেছে।
ও তো মাত্র কারাগারে- আবরার ফাহাদ তো জীবন দিয়েই প্রমান করেছে- এদেশের ভারতীয় দালালরা কত সক্রিয়
অঘোষিত অঙ্গরাজ্য হলে যা হয় আরকি.....
প্রশ্ন হলো ঐ ছেলে ইমরান কে কটাক্ষ করে কিংবা জামাল বাতেন ওরফে জো বাইডেন কিংবা অংসাংসুচি কে কটাক্ষ করলেও কি জেলে যেতো? এটা দাসত্বের লক্ষণ। মোদি এমন কোন ফেরেশতা নয় যে তার সমালোচনা করা যাবে না। তার মতো একজন দাঙ্গাবাজ নেতা কে বাংলাদেশের তাবেদার সরকার আমন্ত্… See more
"শুধু ভারতের নয় ,যে কোন রাষ্ট্রের রাষ্ট্র প্রধান দেশে আসলে তাঁকে স্বাগত জানানো উচিত বলে আমি মনে করি ,মত বিরোধ থাকতে পারে তবে বিরোধিতা করা উচিত না। আর বিরোধিতা করার ভাষাও সালিন হওয়া উচিত।"
হুম দেশের সব ভিন্ন মতের মানুষ কে আটকে রাখা হোক
বাহ স্বাধীনতার ৫০ বছর পর মানুষের বাকস্বাধীনতা বন্ধ করা হচ্ছে অন্যদেশের প্রধানমন্ত্রীর জন্য। আসলে স্বাধীনতা মানে টা কী?
"দেশটা কি আসলেই আমাদের ? মনে প্রশ্ন জাগে, কারণ দেশের জনগণ কাকে কি ভাবে নিবে সেটা তাদের ব্যাপার, প্রশাসনের কাজ হলো অতিথির নিরাপত্তা নিশ্চিত করা,"
চামচামির সীমা থাকা উচিত দেশের মালিক দেশের জনগণ।। জনগণ ঠিক করবে দেশের ভালো-মন্দ।।।
"এই স্ট্যাটাস বাংলাদেশ সংবিধান পরিপন্থী,"
"এই ছেলেটা বাংলাদেশ সংবিধান কে অপমান করেছে, পুলিশ দরে নিয়ে গেছে সঠিক কাজ করেছে,"
"এই পুলিশ ভাইদের কে বলছি এই ছেলে কে সাথে নিয়ে যাদের কে গতকাল বিএসএফ বর্ডারে লাশ বানিয়ে ফেলেছে সেই লোকটাকে গিয়ে নিয়ে আসেন,… See more"
যে সম্মানিত ব্যক্তিটি গ্রেফতার করেছে তার নামটা মানুষের কাতার থেকে মুছে জানোয়ারদের নামের তালিকায় অন্তর্ভুক্ত করার আহ্বান জানাচ্ছি
"এই ডিজিটাল আইনের মাধ্যমে মানুষের কথাবলার ক্ষমতা হারিয়ে ফেলছে। যদি জনগণের গালি বা কথা শুনতে এত অপমানবোধ হয়, তাহলে কেন রাজনীতি করতে হবে। যত রাজনীতিবিদ আর সরকারি কর্মচারি আছেন তাদের বাপের টাকায় বেতন পান না জনগণ বেতন দেয়। তাই জনগণের কাছে যাকে ভালো লগবে তা… See more"
সমা‌লোচনা কর‌লেই য‌দি জে‌লে যে‌তে হয় হয় তাই‌লে পু‌লি‌শের উ‌চিত এক‌টি বোবা রাষ্ট্র তৈরী ক‌রে শাসন ব‌্যবস্থা স্থায়ী করা । মাদা‌রের বাচ্চারা
please please niroporadh gorib osohay manusguli k kosto diben na please Karan amr Allah SubhanAllah TAllah jokhon naraz hoe Jan tokhon Amra onek onek onek Boro khotite pore jabo please...read Quran daily with your own language please
মানুষের বাকস্বাধীনতা কোথায় গেল তাহলে!
এটা তো উত্তর কোরিয়ার কিম উন জং এর রাজ্যের রুপকথার গল্পকেও হার মানালো।
"লেবু বেশি চাপলে তিতা হয়ে যায়, মনে হচ্ছে বাঙালির ভেতর ভারত প্রীতি জোর করে ডুকানো হচ্ছে, আর আমি স্বাধীন বাঙালি না বলে যদি আমি বলি আমরা বাঙালি আর ভারতীয় আমরা একি, মানে কনোভাবে স্বাধীন শব্দের সাথে ভারত শব্দ টা যুক্ত করা যায়, তা বেশি গ্রহণীয়, এপ্রিশিয়… See more"
ফাসেক.মুনাফেক.জালেম এরা নামদারি মুসলমান হতে পারে।সে যে কোনো দলের হতে পারে।তবে এই শব্দগুলোর ব্যাখ্যা ভালোভাবে জেনে নেই যে আমি আপনি কোন কাতারে।।।।
আমরা কি স্বাধীন দেশের নাগরিক তাহলে আমাদের বাকস্বাধীনতা কোথায় পাকিস্তান আর আওয়ামী লীগের মধ্যে তফাৎ কোথায় আমি আজও বুঝতে পারলাম একজন স্বাধীন দেশের নাগরিক কি কি সুবিধা পেতে পারে সেটা পেয়ে আমরা বলব আমরা স্বাধীন দেশের নাগরিক
কতগুলা পুলিশ প্রমোশনের জন্য বেশি অতিরন্জিত করে। তাদের উপর আল্লাহর গজব নাযিল হোক।
যে দেশে ধর্ষণের আসামি গ্রেপ্তার হয় না কিন্তু অন্য রাষ্ট্রের রাষ্ট্রনায়ক এর বিরুদ্ধে কটুক্তি কথা বললে গ্রেপ্তার হয়
"সারা দেশে শান্তি নাই,,,,,,,"
"ফকির লালের ঘুম নাই,,,,,,,,"
"ভালা মানুষের ভাত নাই,,,… See more"
এমন চুনো পুঁটি ধরে কি লাভ? এর চেয়ে বড় বড় কথা বলছে ওয়াজে।
"ধিক্কার জানাই, এটাও নাকি গনতন্ত্র, দেশ স্বাধীন হয়েছিল যে গনতন্ত্রের জন্য সে গনতন্ত্র আজ পরাধীনতার শিকলে বাঁধা।"
"নরেন্দ্র মোদী বলে, সমালোচনা গণতন্ত্রের মেরুদন্ড। খালি আমার আমার সামনে করার দরকার নাই।"
"বর্তমানে আমাদের সরকার এতটাই নরম যে কিছু বললেই অজ্ঞান হয়ে যায়। আমার মতে সরকারের উচিত একটা লিস্ট দেওয়া, কি নিয়ে সমালোচনা করা যাবে না আর কি নিয়ে করা যাবে।"
মোদির সরকারের মন্ত্রী যখন বাংলাদেশ দখল করার কথা বলে তখন পুলিশ কি ব্যাবস্হা নেয় ।
যে যেখান থেকে পারেন যার যার অবস্থান থেকে এই কসাইয়ের আগমনকে প্রতিহত করুন এবং যার মন যেভাবে চায় ওইভাবে এই কসাই এবং তার দুষর মাদার অফ মাফিয়া খুনি হাসিনার চরিত্র তুলে ধরুন। কয়জন কে আটক করবে।
"মোদী একজন আন্তর্জাতিক স্বীকৃতি প্রাপ্ত খুনি। ও সাধারণ মুসলমানদের নির্বিচারে দাঙ্গা বাজিয়ে হত
‍
্য। করেছে। কত মা বোনদের ইজ্জত নষ্ট করেছে। মোদী হিটলারের চেয়ে ও নিকৃষ্ট জানোয়ার।"
"কুটুক্তি করা সমীচীন নয়,তবে নবী রাসূলদের নিয়ে কুটুক্তির সময় আমরা সেভাবে দ্রুত পদক্ষেপ নিতে দেখি না।"
আমাদের রাসুলুল্লাহ সঃ কে নিয়ে কেউ কটুক্তি করলে কোন বিচার হয়না অথচ নরেন্দ্র মোদী কে নিয়ে কি বলেছে সাথে সাথে গ্রেফতার
কোন দেশের প্রধান মন্ত্রী কে কি বললো তা নিয়ে আমাদের দেশের ডিজিটাল আইনের মাথা ব্যথা বাংলার জনগন ভারতের গোলামি করে দেখে হতম্ভ হয়ে যাচ্ছি
"মোদিকে তো মোদির দেশের লোকেরাই কত গালাগালি করতেছে ,সেখানে তো কিছু হচ্ছে না"
পাকিস্তান থেকে স্বাধীনতা এনে ভারতের গোলামী করতেছি কি দুর্ভাগ্য আমাদের এককথায় শিয়ালের খাঁচা থেকে বেরিয়ে বাঘের খাঁচায় স্বেচ্ছায় বন্দী হলাম
নিজ মাতৃিভূমিতে নিজেই যেন ভিনদেশী। বাক স্বাধীনতা টুকু হারিয়ে ফেলছি আমরা।
যেই প্রধানমন্ত্রী আজকে মুূদিকে খুশি করার জন্য বাংলার মানুষের উপর নির্যাতন চালাচ্ছেন - সেই প্রধানমন্ত্রীর পিতা কিন্তুু তা চায়নি .......
এখানে বাক স্বাধীনতা খুজেন ছেলেটার আবার মামুনুল হকের বিরুদ্ধে কথা বলায় সেই ছেলেটাকে গ্রেফতারের কথা বলেন।এটা কেমন কথা! এই ছেলেটিকে আর ওই সুনামগঞ্জের হিন্দু ছেলেটিকে মুক্তি দেওয়ার আহবান জানাচ্ছি।ধর্মের বিষয়ে কটুক্তি করলে অবশ্যই তাকে গ্রেফতার করা যায় হোক হ… See more
কনডম দুর্ঘটনার কিছু লীগ ছাড়া পুরো দেশই তো গোমূত্র পানকারী কসাই মুদির বিরোধী।
অবস্থা দৃষ্টিতে মনে হচ্ছে মোদী জি বর্তমান সরকারের বিগ বস ! উনারা মোদীজিকে আনলেই খুশি আর কিছু লাগবে না l
"ভাই, এই ভারতের বিপক্ষে সামান্য কথায় আবরার কে প্রান দিতে হয়েছিল। কারা করছে, আওয়ামী লীগ।"
"এই মোদির বিরুদ্ধে দাড়ানোর জন্য কাদেরকে মামলা দিচ্ছে, বাংলাদেশিদের।।। আর কারা করছে, আওয়ামী প্রশাসন লিগ।"
"তার মানে কি দাড়ায়, আপনি কি বাংলাদেশী নাকি আওয়ামী লীগ!"
হোয়াইট হাউজের সামনে দাঁড়িয়ে বাইডেনকে বকা ঝকা করা যায়।কিন্তু বাংলাদেশে দাঁড়িয়ে আরেক দেশের খুনিকে খুনি বলা যাবে না।দুটোই গনতান্ত্রীক দেশ।
"নিজেদের টাকায় তার-খাম্বা বসিয়ে সরকার ভারত থেকে বিদ্যুৎ আমদানি করে,অথচ ঐ খরচে নিজেরাই বিদ্যুৎ উৎপাদন করা যায় ; শুধু মাত্র খুশি করার জন্যে"
"জেলে তু তাদের নেওয়ার কথা যারা,"
সন্ত্রাসীকে আমন্ত্রণ করছে।
"অথচ সন্ত্রাসীর বিপক্ষে কথা বলার কারনে আজ প্রতিবাদী মানুষ গুলোকে জেল, জুলুম এবং নির্যাতন এর শিকার করা হচ্ছ।"
স্বাধীননতার ৫০বছর পরেও দেশর মানুষ পুরোপুরি স্বাধীনতার সুফল পায়নি। ক্ষমতার লোভ আর নতজানু হওয়ার কারনে।
"যেই দেশে খুনিদের বিচার হয়না আর কশাই মুদুকে নিয়ে কথা বলার কারণে কিশোর গ্রেপ্তার হয়,,,এটা জাতির জন্য লজ্যাকর ব্যাপার,,,,"
"ट्रेन उल्टी दौड़ रही है,"
"बुलेट ट्रेन का अतापता नहीं,"
नाली की गैस से चाय उबल रही है… See more
"প্রচুর একটা স্বাধীন দেশ আমাদের। এখানে না আছে কথা বলার স্বাধীনতা,না আছে মত প্রকাশের স্বাধীনতা।"
তবু আমরা একটি স্বাধীন দেশ ।
আর এই স্বাধীনতার জন্য ৩০ লক্ষ মানুষের রক্ত দিতে হয়েছিল।
ডিজিটাল নিরাপত্তা আইনের ন্যায় ডিজিটাল দূর্নীতি বিরোধী আইন থাকলে দেশটা আজ অনেক দূর এগিয়ে যেত।
সারাদেশে আন্দোলন ছাড়া এদেশের সাধারণ মানুষের মুক্তির উপায় নেই। তাই সবাই এক হয়ে কাদে কাদ মিলিয়ে আন্দোলন করা উচিত।
"যদিও আমি এন্টি ইন্ডিয়ান না তবুও বলতে বাধ্য হচ্ছি। যে প্রধানমন্ত্রী নিজের দেশেই বিতর্কিত তাকে নিয়ে মন্তব্য করার জেরে গ্রেফতার?? এটা মানা যায়না।কয়েকদিন আগে ভারতের বিরুদ্ধে বলায় আবরার ভাইকে মেরে ফেলা হল!
সরকারের কাছে কি দেশের জনগনের চাইতে অন্য দেশের সরকা… See more"
Ki obosta modike kotakkho kisor atok are amar deser loke bordere more kew atok hoina
"পৃথিবীতে দুই দেশের প্রধান মন্ত্রী হয়েও তাঁরা স্বামী ও স্ত্রীর পারস্পরিক সম্পর্কের চেয়ে ও তেল মর্দনের সম্পর্ক অনেক টাই গভীর সম্পর্ক,,"
কুত্তার বাচ্চারা গনতন্ত্রের কথা বলে চিল্লায় অথচ তারাই সাধারণ মানুষের গনতন্ত্র হরন করে তাদের জিম্মি করে রাখছে
শেখ হাসিনার শাসন ৭৫ এর ১৫ই আগষ্টেরই বৈধতা দেয়। তার প্রতিটা কর্মকান্ডই বলে দেয় কেন দেশে ১৫ই আগষ্টের দরকার পড়ছিল।
যে পুলিশ গ্রেফতার করছে ভারতের কসাই কে কটাক্ষ করায় হতে পারে সেই পুলিশ আমাদের দেশের না। সে মনে প্রানে ভারতীয়।
মোদীর দেশে তার ছবি ও কুশপুত্তলিকায় হাজার হাজার মানুষ জুতা পেটা করছে! আর আমাদের দেশে তার এত জামাই আদর!! মায়ের থেকে মাসীর দরদ বেশী!
"ডিজিটাল নিরাপত্তা আইন যদি বাতিল হয় তাহলে তো আওয়ামী লীগ দেশে থাকতেই পারবে না,,,, ডিজিটাল নিরাপত্তা আইন তাদের জন্য শুধুমাত্র আওয়ামী লীগের জন্য,,,, তাদেরকে যেন জনগণ বা আমরা কিছুই বলতে না পারি,,,"
নিউজ টা এমন হলে কেমন হতো বাপের নামে কটাক্ষ করায় অবৈধ সন্তানের জ্বালা ধরে গেছে
দেশটা কি মুদির দখলে! যারা নিজেদেরকে অসাম্প্রদায়িক বলে তারাই আবার সাম্প্রদায়িক নেতা মুদিকে আমন্ত্রণ করে! এর নাম বাকি লীগ।
অঙ্গরা‌জ্যের বা‌সিন্দা হি‌সে‌বে মা‌লি‌কের বিরু‌দ্ধে কথা!! এত্ত বড় সাহস!
"রসূলকে কটাক্ষ করলে গ্রেফার হয় না মোদিকে কটাক্ষ করায় গ্রেফতার, এটাই অাইনের শাসন??"
"ভারতে প্রতিনিয়ত মুদিকে কটাক্ষ করে, ব্যাঙ্গ করে বিভিন্ন দলের নেতাকর্মীরা পোস্ট দিয়ে যাচ্ছে কিন্তু ভারতের পুলিশ তাদের বিরুদ্ধে কোন ব্যবস্তা নিচ্ছে না, আর অন্য দিকে বাংলাদেশের পুলিশের অবস্থা দেখুন,"
পৃথিবীর কোথাও দেখিনি কোন রাস্ট্র প্রধান কে নিয়ে সমালোচনা করলে .গ্রেফতার করা হয়. যদি এমন হতো তাহলে ট্রাম্প কে নিয়ে যেই পরিমান ট্রল করা হয়েছে .তাদের গ্রেফতার করার জন্য আমেরিকা শত নতুন জেল বানানো লাগতো .কিন্তু আমাদের দেশে স্বামী বা স্ত্রী কারো সম্পর্কেই ক… See more
Adar bepari sob jaygay nak golanor kiso bebostha thaka uchit.
এদের চাটুকারীতা দেখলে আরএসএস-এর “আন্ধভাক্ত”ও লজ্জায় মুখ লুকাবে। জায় হো!
ওহ!আমার! আল্লাহ! একি দুরাবস্হা দেশের আইনের!? এটা অতি বাড়াবাড়ি। এর জোর প্রতিবাদ জানাই। সৈরাচার শেখ হাসিনার সরকার নিপাত যাক। বস্।।।
নরেন্দ্র মোদি বাংলাদেশের স্বাধীনতার ঘোষক বাংলাদেশের মুক্তিযুদ্ধা এই কারণে কটাক্ষ করা যাবেনা।ইন্ডিয়ার ভেতরে মোদিকে গালি দিয়েছে জুতাপেটা করেছে কোন সমস্যা হয় নাই
"বাংলাদেশ যে এখন ভারত নিয়ে গেছে, মানুষ তা এখন হাঁড়ে হাঁড়ে টের পাচ্ছে। এই বিষয় টা আরেকটু আগে বুঝলে হয়তো ভারতের দখলদারত্ব এতটুকু আগাতে পারতনা"
সুনামগঞ্জ শাল্লার নোয়াগাও গ্রামে সংখ্যালঘুূদের উপর বর্বর আক্রমনের পর বাংলাদেশী সাম্প্রদায়িক মনাদের একটু লজ্জা হওয়া উচিত মোদির আগমনকে না বলা।আগে তো নিয়ে নিজেরা শোধরাই।
"এখন আমি খুব ভাল করেই পরিষ্কার হয়ে গেছি, আগে-পরে বাংলাদেশকে ভারতের হাতে তুলে দেওয়ার প্রস্তুতি চলছে।"
"আইচ্ছা তাহলে এমন অবস্হা, সারাবিশ্বের কোন অন্যায় অবিচার ভালো মন্দ কোন কিছু মন্তব্য নিষেধ, সব চাইতে ভালো হয়, ভোট ভাতের অধিকার তো বন্ধ তাহলে গণমাধ্যম ফেসবুক সচল না রেখে বন্ধ করে দিলেই তো হয়ে য়ায়"
"সীমন্তে যে অসহায় বাঙালি কে ভরে দেয় দাদা বাবুরা তখন উল্লাস করে,,,, আর আমাদের দেশে কিছু বললেি জেল,,,, ব্লাহ ব্লাহ বাহ"
আরে ভাই অযথাই আমরা অনলাইন এ বাজে মন্তব্য করে নিজেরাই ক্ষতির স্বীকার হচ্ছি। একে মোদি বলতে কোনো কথা নেই বিষয়টা তিনি ভারতের প্রধানমন্ত্রী।
সবসময় আবেগ দেখাতে হয় না।
আপনি যা বা যেটা পছন্দ করেননা সেটা অনেকেই করেনা। কিন্তু বিরোধীতা সিস্টেম মতো করা উচিত। মুজিব… See more
মুদি গুটি কয়েক লোকের বাবা হতে পারে
কিন্তু সতের কোটি জনগনের জাড়ু আর জুতার মালা চাড়া আর কিছুই পেতে পারে না।
"ভাইরে ভাই! গত বছর আমিও ডোনাল্ড ট্রাম্পকে নিয়ে ব্যঙ্গ করেছিলাম। তারপর উনি নির্বাচনে হেরে গিয়েছিলেন। এখন যদি মোদীজীর নামে পোস্ট দেই, উনিও হেরে যাওয়ার সম্ভাবনা আছে। আমি যাতে পোস্ট না দেই, আমাকে ভয় দেখানোর জন্য হয়তো ওই কিশোরকে গ্রেফতার করেছে। অনেকটা ঝি… See more"
"যার ভালো লাগবে সে স্বাগতম জানাবে, যার ভালো লাগবে না সে বিরোধিতা করবে, এটাই তো জনগণের সাংবিধানিক অধিকার, এখানে দমন-পীড়ন চালানোর কি আছে ?"
"দেশের ভালো অনিয়ম কাজ শুরু হয়েছে, দেশের সরকার এমন মূর্খ কেনো, বাক স্বাধীনতা দেশের সবার আছে।"
ভিনদেশী মানুষের জন্য নিজ দেশের মানুষকে গ্রেফতার করা তীব্র নিন্দা জানাই।
এর চেয়ে বড় দালালী আগ মোদীর গু চাটার মাধ্যম পৃথিবীতে ছিলোনা। আমার জোর দাবী রইলো মোদির পায়খানা প্রস্রাব বাংলাদেশে এসে যা করবে সব যেন তারা খেয়ে নেয়। তাহলে মোদি আরো খুঁশি হবে।
ছিঃ এক কেমন দেশে বসাবাস করি ভাই! ভারতের প্রধান মন্ত্রী যেখানে ওই ভারতের নাগরিক রাই ওরে বেহেন চোদ বলে গলি দেয় সেখানে আমার রাষ্ট আমার দেশ কিভাবে আমার নাগরিকের বিচার করে থু ..এর নাম বাক স্বাধীনতা?
করোনার জন্মদাতা মোদি। দুনিয়ার শান্তি নস্টকারি মোদি দাওয়াতে না আসাটাই ভাল হবে।
এইলোকের ভুলের সমাধান আমার কাছে আছে
দাদীকে দাদার সাথে নিকা দিয়েদিলে বাঙ্গালীর ঋণের বোঝা একদম হালকা হয়ে যাবে
তলা বিহীন দেশের প্রতিবন্ধি প্রশাসনের লিলাখেলার ফসল এমনি চলবে।#আর্তচিৎকার
ক্ষমতা চিরস্থায়ী নয় ইতিহাস সেটাই স্বগর্বে সাক্ষ্য দেয়।
কিন্তু কিছু নির্বোধ ইতিহাস থেকে শিক্ষা নেয় না।
তারা ইতিহাসকে পরিবর্তন করতে চায়।… See more
Somoy taktey shorkar kay shoratey hovie na hoie aie shorkar desher manusher jonno biood jonok.
"বাংলাদেশ যেন ভারতীয় শাসনাধীন কোন এক রাজ
‍
্য বর্তমান সরকারের কাছে"
মুদির বিরুদ্ধে যদি বাংলার ৯৫% লোক অবস্থান নেয় তবে কি ৯৫% লোক আটক করা সম্ভব!
"(হযরত মোহাম্মদ সাঃ) কে কটাক্ষ করে কিছু বললে, তখন কোনো অাইন থাকে না"
Digital bd
"বোরহানিয়ায় রাসূল (স) কে বকা দেয়ায় বিচার হয়নি আজো
কিন্তু মোদির বিরুদ্ধে বলায় গ্রেপ্তার করতে দেরি হয়নি। আমাদের আর কিছু বুঝতে বাকি নাই এরা কার ইশারায় চলে!"
"একজন নিজ দেশের নাগরিকের চেয়ে অন্য দেশের এক কসাই প্রধান মন্ত্রী উত্তম হতে পারে না, বঙ্গবন্ধু বেছে থাকলে বিষয়টা এ ভাবেই বলতেন"
দেশের সবগুলো মন্ত্রনালয় যেখানে পুরোপুরি ভারতের তাবেদারীতে ব্যস্ত সেখানে এমন ঘটনা হওয়াই স্বাভাবিক! ঠাডা পড়বে একদিন এমন এই তাবেদারী সম্রাজ্যের উপর...
ওয়াজ ধারিরা যে উগ্র বক্তব্য দেয় তা চোখে পড়ে না??
"বর্তমানে সরকার হতে হলে জনগনের পয়োজন হয় না,তাই জনগনের বাধা উপেক্ষা করে গো মুত্র খোর মোদি কে বাংলাদেশে আনা হচ্ছে।"
আমরা ক‌োন দ‌ে‌শ‌ে বাসকরত‌ে‌ছ‌ি ভারত নাক‌ি বাংলাদ‌ে‌শ‌ে?
amra huchu k bangaliii.... jara negetive com... korcoo ata akhtow valoo chay na. j dos korce tar sara hoyai dorkar
"স্বাধীনতা কি সেটা অাজো বুঝতেছিনা । মাঝে মাঝে ইচ্ছে করে দাদাকে জিজ্ঞেস করি এর জন্যই কি দেশ স্বাধীন করেছিলেন""?""।"
"ট্রাম্প , ওবামা, পুতিন কে ট্রল করলে দোষ নাই। দাদুকে নিয়ে করলে দোষ। ওকে জেনে রাখলাম।"
"In India, Halarpo Modi is criticized all time but nothing is happening there but in our country dictator Hasina don't care our countrymen."
Police er baper ki seta bujhlam nah
কিছু বলতে গিয়েও বলতে পারলাম না। শুধু এইটুকুই বলবো ৩০ লক্ষ শহীদেরা কেন দেশটা স্বাধীন করলো । আগেই ভালো ছিলো।
দুলাভাই এর সাথে রঙ ডং করলেও দোষ।
"গরুকে নিয়ে নয় একটু উল্টাপাল্টা বলছে তাই বলে বাংলাদেশে থাকা গরুর বাচ্চারা চুপ করে বসে থাকবে তাই তারা দেখিয়ে দিয়েছেন তারা পারে, তাদের বাপকে অপমান করা যাবে না"
তীব্র প্রতিবাদ জানাই।
সাম্প্রদায়িক কসাই মোদীকে কটাক্ষ করা আমাদের নৈতিক দায়িত্ব।
"সব কিছুর একটা শেষ আছে! এই দুঃসহ অবস্থার ও একদিন শেষ হবে, ইনশাআল্লাহ! তবে ভয় হয় সেদিন না জানি দেশে রক্তগঙ্গা বয়ে যায়! লুৎফররাহমান বাবর এর কথা চিন্তা করে দেখুন! একসময় কি ছিল আর আজ তার কি অবস্থা! এখনো সময় আছে বিবেক জাগ্রত করুন আর এই সব বন্ধ করুন!"
"ছাএলীগের ভাইয়েরা কি এগুলো সমর্থন করেন ? ছাএলীগ করেন ভাল কথা, তাই বলে নৈতিকতা বিষর্জন দিয়ে!"
"এই খবর তোমরা গোটা ভারত বর্ষে ছড়িয়ে দাও,তাহলে ভারতে যারা মদির পুতুল বানিয়ে জুতা পিটা করে, তারা ভয় পাবে।আর তোমরা হাইলাক্স হবে"
গণতন্ত্র বলতে দেশি কিছুই নেই। জনগণের মতামতের তোয়াক্কা করে না। তাদের সাথে থাকলে মুক্তিযোদ্ধা। না থাকলে যুদ্ধ অপরাধী।?
জাতীয় দুলাভাই হিসেবে মজা করলে পুলিশের সমস্যা কি ?
India te modir birodde kotha bolle kisoi hoy na bt chatokrer baccha chatokera soite pre na or baba re niya kiso koile bejorma ra
জালেমের গোষ্ঠী!
একজন মালাউনকে নিয়ে কটাক্ষ করায় তাকে তাকে গ্রেফতার করে আইনের আওতায় এনে বিচার করতে পারো
অথচ তোমার আমার প্রিয় নবী (সাঃ)… See more
ভারতের মানুষরাই মোদিকে খোলামেলা ঝাড়ু জুতা মারে তাদের আইনে তো জেল জরিমানা করেনা۔۔
আমার কথা আমি কমু যাখুশি তাই কমু। প্রযোজনায় আয়োডিন যুক্ত লবণ। পরিচালনায় ইকো কলম।
এটা নাকি আাবার গনতান্ত্রিক দেশ...
"কয়জনকে আটক করবি, আয় আমাকে আটক কর, গোটা দেশের মানুষ কে আটক কর। দেশের সাধারণ জনগণ কেউ চাইনা মোদি এই বাংলার মাটিতে আসুক"
"মামুনুল হক কে কটাক্ষ করায় ৮০ টা হিন্দু গজর বাড়ি ভাংচুর৷, সেই সাথে কটাক্ষকারি কে গ্রেফতার"
নরেন্দ্র মোদী কে??কেন তাকে নিয়ে সমালোচনা করা যাবে??সে কি সব ভুলের উর্ধে!!দেশটা কি মগের মূল্লুক হয়ে গেল নাকি??নাকি ভারতের কোন প্রদেশ!!!পাখির মত মানুষ মারতেছে সীমান্তে কই সেটি নিয়ে তো কেউ কথা বলছে না!!! কি আজব এক দেশরে ভাই!!
"দেশে কবে আর এই গোলামির দিন শেষ হবে,,যে ৭১ যুদ্ধের সময় চা দোকানে চাকরি করত আজ সে প্রধানমন্ত্রী তাই গোলামি করতে হয়,,,"
গতকালও বিএসএফ সীমান্তে ০১ জন বাংলাদেশি হত্যা করেছে। হত্যাই কি সুসম্পর্ক বজায় রাখবে?
ভারতের মাটিতে মোদিকে কটাক্ষ করে অনেক ব্যাঙ্গচিত্র কাটুন বক্তব্য বিবৃতি হয় তাদের কি করবেন?
মাননীয় পুলিশ
আজ আমার দেশের মানুষ আটক হচ্ছে অন্য দেশের মানুষের জন্য তাহলে দেশ কার আমাদের নাকি ভারতের?
এটা কি শুধু ভারতের জন্যই প্রযোয্য? নাকি অন্য দেশের প্রধানমন্ত্রীর কটুক্তি করলে ও জেল হবে??
আমাদের রাসূল সাল্লাল্লাহু আলাই সাল্লাম কে নিয়ে যখন কটাক্ষ করে তখন কাউকে গ্রেপ্তার করা হয় না হায়রে মুসলমান
"একটা কাজ করলেই তো চলে মোদিকে বাংলাদেশে এনে তাকে আমাদের সরকার বানিয়ে দেন এই সরকারের কুকীর্তি দেখতে দেখতে মানুষ অতিষ্ঠ হয়ে যাচ্ছে,,, আজ কি হয়েছে মোদিকে নিয়ে,,, ওকে আমরা কি বলবো ওর দেশের জনগণই বলে চাওয়ালা,,,,,,,,"
Madarchod marka ain korce dhoner nirapotta marka ain
"Desher manuher freedom of expression kothay? bairer desher kaoke kisu bolle nij desher nagorik arrested hoy, mane nij desher nagoriker odhikar pore, age onno karo golami kora hocche priority."
"Bangladesh ta ki indiar colony hoye gelo ,Ran , police,army sobaike boli dalali charo deshprem niye dayitto palon koro tomar jodi tomader pita matar boido sontan hoye thako"
sele tar basa Baliadangi Upazila
Name humayun kobir himu
Intar 2nd year e pore....
পুলিশের কি আব্বা লাগে?
পুলিশের গায়ে লাগে কেন?
"একজন হিন্দুপন্থী সন্ত্রাসী গডফাদারকে কি করে আমাদের দেশের সরকার আমন্ত্রণ জানায় কোনো বিশেষ অতীথ হিসেবে,"
"আর আমরা সাধারণত মানুষ সেটার প্রতিবাদ করতেছি বলে আমাদেরকে জেলে পাঠিয়ে দিচ্ছে সরকার , এর বিরুদ্ধে কি আমরা রুখে দাঁড়াতে পারি না,"
যদি আজ এর প্… See more
দাদার বিরুদ্ধে এত বড় কথা?
ওকে আবরার ফাহাদের মত মেরে ফেলা হোক।
"মোদি মাদার,ো,,দ এরকম একটা ভিডিও ভাইরাল হয়েছে।ভারতে বসে মোদিরে গালি দিলে কিছু হয়না কিন্তু বাংলাদেশে বললে ধরে। মাঝখানের অক্ষরটি চ।আরএসএস গুন্ডারা ভারতের পুলিশে না ঢুকলেও বাংলাদেশের পুলিশে ঢুকে গেছে।"
দেখা যায় ভারতে ভারতীয়রা কটাক্ষ করলে তাদের কিন্তু আটক করেনা বাংলাদেশে কেন!?
"তৃণমূলের সব নেতারা এমনকি সাধারণ জনগণ মুদিরে কথায় কথায় ভরে দেয় , কই তখন তো ভারতীয় পুলিশ কাউকে আটক করে না....? তাহলে কি মায়ের চেয়ে মাসির দরদ বেশি হয়ে গেল না...?"
নেতা দের ভাষার কোন নিয়ন্ত্রণ থাকে কী??
"দেশটা কি ভারতের অঙ্গরাজ্য নাকি?? এ সরকার বন্ধুতের নামে ভারতের গোলাম হয়ে গেছে,, মৌদিকে আমরা বাংলাদেশের মাটিতে দেখতে চায়না,,"
মৌলবাদী মোদীর সমর্থক কারা তাদের চেহারা জাতির সামনে উম্মোচন করা হোক। এরা বাংলাদেশ স্বাধীনতা সার্বভৌমত্বের জন্য হুমকি।
উগ্রবাদী ইসলামিক সংগঠন হেফাজতে ইসলামের নেতাদের গ্রেফতার ও কঠিন শাস্তি চাই অামরা! এই সংগঠন কে জামাত শিবিরের মতোই নিষিদ্ধ ঘোষনা করে ও এদের কর্মীদের গ্রেফতার করে দ্রুত বিচারের দাবী জানাই! এরা বাংলাদেশকে জঙ্গীস্তান-পাকিস্তান বানানোর পরিকল্পনা অনুসারে সংখ… See more
"চোরকে চোর বলা এখন সমাজের বড় অপরাধ। খুন,ধর্ষন করলেও সমিজের কিচ্ছু যায় আসেনা।"
"মত প্রকাশ করে জেল, হারে আমার স্বাধীন দেশ? ?"
আর সীমান্তের লাশের বিষয়ে আমার দেশের সুশীলরা কথা বলতে লজ্জায় লাল হয়ে যায়
"হায়রে স্বাধীন বাংলাদেশ,,, মতপ্রকাশের স্বাধীনতাটুকু কেড়ে নিয়েছে ভারতীয় দালালরা।"
kichu blle bish dat venge dewa hbe
প্রিয়া সাহা গিয়ে ট্রাম্পের কাছে গিয়ে দেশের নামে মুসলিম জাতির নামে মিথ্যাচার করলো
কই তার তো কোনো একটা বা** ও পালাইলো না
তার স্বামী দুদুকে চাকরি করে এখনো
কেন মুদিকি বাংলাদেশকে রাজ্যে পরিনত করছে??
"Bor ke toh aste hbe, na hole bou ke kintr nibe na?"
"কাল কে আমাদে এক জন ভাই কে সীমান্তের গুলি করে মারল,,,তার প্রতিবাদ করলেও তো আমাদের ডিজিটাল মামল আটক হতে হবে,,তাই আমজনতার এখন উচিত হাতে চুড়ি পরে ঘড়ে বসে থাকা।।"
যখন মসজিদ ভেঙ্গে মন্দির নির্মাণ করছিল তখন পুলিশ কি বালডা ছিড়াই বছিল...
ভারতে কটাক্ষের জন্য কি সেই দেশের জনগণ আটক হয়?
"মাফিয়া মাফিয়া লীগের পতনে বড় কারন হতে পারে স্বামী প্রতি বেশি আবেগ হওয়ার কারনে,,।"
যার হাতে মুসলমানের রক্ত লেগে আছে তাকে কি মুসলমান চুমু দিবে? তার লজ্জাসীমাইবা কত উর্ধ্বে মানুষ জুতাপেটার শ্লোগান দিচ্ছে তারপরও তাকে আসতে হবে?
পুলিশের কি নরেদ্র মোদিরে তেল মাখা লাগে নাকি??ফালতু কাজ কাম।তার ইচ্ছা দিছে এটা নিয়ে পুলিশের মাথা ঘামানোর কি দরকার।
এই ফালতু কাজ বাদ দিয়ে সুনামগঞ্জের শাল্লায় অভিযুক্তদের সঠিক বিচার করুন।
অ‌তি‌রিক্ত কোন কিছুই ভালনা। সেই ছে‌লেটা কি জেল থে‌কে বের হ‌য়ে জয় শ্রীরাম বল‌বে?
শুনলাম আজ নাকি সীমান্তে একটা উপহার দিয়েছে মোদি দা?
গতকালও সীমান্তে লাশ উপহার দিয়েছে বিএসএফ এটা নিয়ে নিউজ দেখলাম না বিবিসির!জয় মুদিজি।
দুই একজন ধরে ভয় দেখায় মাফিয়াগুষ্টিরা। পুরো বাংলার জনগন এক হও মাফিয়াগুষ্টি বিদায় কর।
Mudir jonno bangalr manus kn atok hobe?
এদেশে জনগণের কোনো দাম নেই বেচে থেকে লাভ কি
কটাক্ষ আর সমালোচনা এই দুইয়ের মধ্যে পার্থক্য কি?
আমাদের মুসলমানের কলিজার টুকরা হযরত মুহাম্মদ সাল্লাল্লাহু আলাইহিস সালামকে যখন নিয়ে কটুক্তি করে তখন কাউকে আটক করা হয়না
"বাহ! বিদেশী একজনের জন্য, দেশের নাগরিকের শাস্তি! এই না আমাদের উন্নয়নশীল দেশ!"
আটক করলো কোন দেশের পুলিশ..?
দেশে মানুষএর বাকসাধীনতা বলে আর কিছু নেই।
এসব দেখতে হচ্ছে সাধীনতার ৫০ বছর পর?
দাসত্বের নিত্য নাচ চলতেছে বাংলাদেশে।
"বর আসবে শশুর বাড়ি, পারর্শি কি বল্লো তাতে বরের বাল্ডা ছেরা গেলো"
"স্বামী আপমান মানি স্ত্রীর অপমান।,,,,ঠিক হইছে দরছে"
এই সংবাদটা মোদিকে জানাতে হবে। তাঁর জন্য আমরা কত কি করছি সেটা বুঝাতে হবে।
তার মানে সারাদেশে একজনই মুদি বিরোধী
সত্তি এখানে অবাগ হয়ার কিছু নাই। অামরা তো অন্ন একটা রাস্ট্রের অধিনে অাছি। অামরা এখোনো পরাধিন।
"গনতান্ত্রিক দেশ হিসাবে সমালোচনা করতে ই পারে, তাকে এরেস্ট করা মানে একনায়কতন্ত্র"
"উগ্র সাম্প্রদায়িক মোদীর সমালোচনা করলে যদি কিশোর গ্রেফতার হয়, তবে এখন থেকে যার মুখে ধর্ম নিরপেক্ষতার বুলি শুনবো সোজা মুখের উপর থুথু নিক্ষেপ করবো"
মোদি গো ও মোদি তুমি কার গো?
ভারতের না বাংলাদেশের
ভারতের প্রধানমন্ত্রীকে নিয়ে কথা বললে যদি বাংলাদেশে গ্রেপ্তার হতে হয়!!
তাহলে বাংলাদেশ কি আর বাংলাদেশ আছে?
"মোদি একজন সাম্প্রদায়িক ,গুজরাটে মুসলমান হত্যাকারী, বাংলাদেশের বর্ডারে মানুষ হত্যারারী,মসজিদ ও কোরআন পুড়ানো ও ধ্বংসকারী।এই গুলি মিথ্যা। সরকার এতই মোদিকে কটাক্ষ করাই লেগেছে তারা পারলে এটির ব্যাখ্যা দেউক..."
"সব শালাদের কী চাড়াল মোদি বাপ লাগে,,তোদের কী দেশ থেকে এই শিক্ষা দেয়,, তুরা কীভাবে বাংলাদেশের প্রেমিক হলি,,যে দেশের মানুষ একটা কথা বললে অন্যদেশের মানুষের পক্ষ নিয়ে নিজের দেশের মানুষের ক্ষতি করিস"
সাবধান! মোদিকে কটাক্ষ করা সাম্প্রদায়িক আর হুজুরদের কটাক্ষ করা অসাম্প্রদায়িক
সব আল্লাহ এর উপর ছেড়ে দিছি। তাহার কাছে সব ক্ষমতার উৎস।
বাংলাদেশ কি ভারতের অংগরাজ্য
"কটাক্ষ করছে ইন্ডিয়ার সরকারকে আর গ্রেফতার করে বাংলাদেশ পুলিশ,,, আহা আহা আহা"
"ভারতের প্রধানমন্ত্রী কে নয়, সামপ্রদায়িক মোদিকে কটাক্ষ করা যায়। নম নম করার কিছু দেখি না।"
বাংলাদেশ নামের দেশটা থেকে গনতন্ত্র বাদ দেওয়া হউক! এটা হাস্যকর
১৮ কোটি লোক ধরা লাগবে
এই গুলারে ডিম তেরাপি দেওয়া দরকার ।এই গুলা রাজনীতিরর কি বুঝে?? ধর্ম আর রাজনীতি আলাদা জিনিস।আর মোদী না আসলে মোদীর কোনো লছ নাই।লছ আমাদেরই হবে।
অ পুলিশ ভাই।দেশের মানুষের টেক্সের টাকায় বেতন নাও মুদির দালালী করার জন্য নাকি
"নরেন্দ্র মোদীকে নিয়ে সবচেয়ে বেশি ট্রলিং হয় ভারতেই....কিন্তু ভারতেও এরকম সামান
‍
্য অভিযোগে গ্ৰেফতারের ঘটনা বিরল....অথচ বাংলাদেশে মোদীকে ট্রলিংয়ের জন
‍
্য গ্ৰেফতার হতে হলো একজন কিশোরকে !!!"
বাংলাদেশ সরকার মোদির মুত্রখোর অন্ধভক্তদের'ও লজ্জায় ফেলে দিল !!!
নরেন্দ্র মোদির বাংলাদেশ সফর বাতিল করেছে মহামারী করোনার কারণে নাকি জনগণের বিরোধিতার কারণে সেটা প্রশ্ন থেকেই গেল
এই দেশটা এখন ভারতের অঘোষিত অঙরাজ্যে পরিনত হয়েছে!
মানুষের মতপ্রকাশের স্বাধীনতা ডিজিটাল নিরাপত্তা আইনে ধ্বংস হয়ে গেছে।
ভারতে নরেন্দ্র মোদির পুত্তলিকা বানিয়ে নিজদেশই প্রতিদিনই কোথাও না কোথাও পাবলিক আগুন জালিয়ে প্রতিবাদ এবং মিটিং মিছিল করে।কিন্তু বাংলাদেশে ভিনদেশী প্রধানমন্ত্রীকে কটূক্তি করলে জেলে যেতে হয়। wow what a mother f.... system
"কারো জামাই নিয়া কথা বলা ঠিক না, আর এমনিতেও বিবিসির নিউজ জনগনের খাইতে অহন সমস্যা হয়,, আউল ফাউল প্রচার করে,"
দালালির একটা সীমা থাকা দরকার
নবীকে নিয়ে কটাক্ষ কারীদের গ্রেফতার করা হয় না। আলেম-ওলামাদের কে নিয়ে কটাক্ষ কারীদের গ্রেফতার করা হয় না। অথচ মোদিকে নিয়ে কটাক্ষ করায় গ্রেফতার করা হয়। আমি এই গ্রেফতারের তীব্র নিন্দা জানাই।
"নিউজটা অসম্পূর্ণ, কী স্ট্যাটাস দিয়েছিল সেটা নেই।"
"International randi ta ke gopurto ke diye chudiye kichu hobe na... 12"" wala nigro der ene valo bhabe chudiye vodar poka gulo mariye nao sob thik hoye jabe..."
পুরো দেশটাই মোদি্র আগমন বিরোধী তাহলে পুরো দেশ টাকে আটকে রাখা হউক জেলে ।
আটক করে অনেক গুরু দ্বায়িত্ব পালন করেছে। এজন্য তাদের পুরস্কৃত করা উচিত!
ছাল নাই কুত্তার বাঘা তার নাম
কষ্ট হয় খবর শুনে কবে এই বাংলাদেশ আবার স্বাধীন হবে। আমরা তো পড়া ধীন
পুরো দেশটাই মুদির আগমন বিরোধী
"আটক করার দরকার নেই, ওরা কি করতে পারে করে দেখাক তিনি আসলে।"
বেয়ি চিল্লাইলে কি হয় তার ফলটা বুঝবে ভালো করে।… See more
"বাংলাদেশ এর প্রধান মন্ত্রী কে নিয়ে স্ট্যাটাস দিলে ভারতীয় দের কি গ্রেপ্তার করা হয়?? দালাল এর ,,,,,,,,,,রা"
অথচ আমরা স্বাধীনতার সুবর্ণ জয়ন্তী পালন করছি।
আহ স্বাধীনতা
বিরোধী মত দমন করার জন্য ডিজিটাল নিরাপত্তা আইন ব্যবহার করা হচ্ছে। এই আইন বাতিল চাই।
"এই উগ্র সাম্প্রদায়িক, হিন্দুত্ববাদি যখন হাজার হাজার মুসলমানদের উপর সাম্প্রদায়িক নির্যাতন চালিয়ে বাংলাদেশে পাঠিয়ে দিতে চায় তখন আমাদের সরকার নাকে তেল দিয়ে ওটা তাদের নিজেদের আভ্যন্তরীণ বিষয়ের স্বপ্নে বিভোর থাকে। এইরকম একটা বিকৃত মানষিকতার রাষ্ট্রপ্রধানকে … See more"
"ভারতের পশ্চিমবঙ্গে তৃর্ণমুল কংগ্রেস নেতা নেত্রীরা, মুদিকে দাংগাবাজ, মুসলিম ও দলিত্ব হিন্দু নিদনকারি বলে প্রকাশ্য জনসভায় ভাষনদিচ্ছে।সেখানে মামলা গ্রেপ্তার কিছু করা হচ্ছে না।কিন্তুভাবতে অবাক লাগে, আমাদের স্বাধীন গণতান্ত্রিক বাংলা আজ কোন পর্যায়!"
বাংলাদেশের পুলিশকে পাঠাইয়া দিয়া
"হোক কলকাতা,কলকাতার মুখ্য মন্ত্রী"
মমতাজ কে গ্রেফতার করার জন্য!… See more
উচিত কথা বললে ঝামেলা আছে রে ভাই
মোদিকে আমাদের দেশে আসতেই হবে।
"আমাদের সাতটা গরু আছে, সাতটা গরু দিনে ২৫ লিটার মুতে।"
"মোদীকে কটাক্ষ করে ফেসবুকে পোষ্ট দিলে ভারতেই কেউ আটক হয়েছে বলে জানা নেই! আর এখানে!!! মাগো, এ কেমন লীলা!!!!!!"
এমন দেশটি
কোথাও খুজে পাবে নাকো তুমি ....
"আহারে বাক ও চিন্তার স্বাধীনতা
।"
জয় বাংলা তোর ডিজিটাল আইন সামলা....
তাইলে মোদি কে জামাই বাবু।। বা দুলাভাই ডাকলে কি আমি পুরস্কার পাব।।
Now we are become 100% colony of india.....
Shadhin Desh bolay kotha !!!!
মোদিকে তো লক্ষ-কোটি বাংলাদেশী কটাক্ষ করেছে তাহলে সবাইকে ধরে জেলে ঢুকিয়ে রাখেন
"তারা কটাক্ষ করার মত কাজ করেছে, আমরা তো প্রতিবাদ জানাবোই।।"
নরেন্দ্র মোদীকে তার নিজের দেশেই প্রতিদিনই হাজারো মানুষ কটাক্ষ করেন সে খানে তো গ্রেফতার করে না। অতি প্রেম ......হা হা হা
"যেই পুলিশ গ্রেফতার করেছে তার দ্রুত বিচার দাবি করছি, তাকে পুলিশ থেকে বরখাস্ত করা হোক"
ভারতের প্রদেশ বলে কথা!
দুলাভাইয়ের সাথে মসকারাও করা যাবে না!!!?
ইয়া আল্লাহ এ কেমন দেশে বসবাস করি
"বাংলাদেশের মানুষ হিসেবে লজ্জিত আমি,ভিনদেশী নরেন্দ্র মোদি কে কটুক্তি করার কারণে গ্রেফতার হতে হয় স্বাধীন দেশের মানুষ কে"
দেখেন আমাদের প্রশাসনের কি পরিমাণ ভারত প্রেম!
নিজের দেশের জনগণের ক্ষতি করে হলেও এরা ভারতের উপকার করবে
"নরেন্দ্র মোদি খুব ভাল একটা মানুষ। একেবারে ধুয়া তুলসি পাতা। এই বানি দেয়ার পর,"
এখন আর জেলে যাওয়ার ভয় নেই
"ভারতেই মোদীকে নিয়ে এমন গালি দিয়ে মিছিল করতে পারে ভাবা যায়,,"
https://m.facebook.com/story.php?story_fbid=478849156894603&id=100043085689625
রক্তে ভেজা কাঁটাতার
"মোদি আসার নাই দরকার,"
তিস্তা চুক্তির পানি নাই… See more
আমার দেশের মাটি ও মোদির বিরুদি যে মাটি তে পা রাখবে ঐ মাটি ও তাকে অবিসাব দিবে
"দেশটা বাপ দাদার হলে ,যা হয় আরকি"
দেশে কি সত্যিই গনতন্ত্র আছে? যাদি বাংলাদেশ গনতান্ত্রিক হয় তাহলে গনতান্ত্রিক একটা দেশে যে কারো বিরুদ্ধে লিখার বলার অধিকার আছে শুধু মাত্র স্পর্শ কাতর বিষয় গুলো ছাড়া।মোদিই একজন সাম্প্রদায়িক দাঙ্গা বাজ ব্যক্তি সেটা পৃথিবীর সবাই জানে!
বাহ! দেশের গন্ডি পেরিয়ে এখন দেশের বাইরের গন্ডিতেও
বাংলাদেশ টাই তো একটা জেল খানা রুপান্তর করছেন আপনেরা।
বাংলা দেশে এখন দুইটি দল।(১)- দল বাংলাদেশের জনগন।(২)- দল ভারতের দালাল।
নিজ দেশে দিন রাত ২৪ ঘন্টা সে ওপেনলি গালি খায়..
সেখানে সে কিছু করে না আর আমাদের দেশে গ্রেফতার করে কি আলগা পিরিত দেখাইলো..
নিশ্চই ঐ থানার পুলিশ এ দেশেক ভিআইপী নাগরিক হিন্দুগোষ্ঠীর লোক হবে ৷
পৃথিবীর মধ্যে প্রধানমন্ত্রী মাত্র দুইজন‌ই আছে একজন বাংলাদেশের একজন ভারতের ।
মাননীয় শেখ হাসিনা কে কটাক্ষ করলেও গ্রেফতার করা হয় আবার মোদী কে কটাক্ষ করলেও গ্রেফতার করা হয়
বিবিসির এই বিষয়টা ক্লিয়ার করা উচিৎ যে বাংলাদেশের প্রধানমন্ত্রী কে মোদী না শেখ হাসিনা!
অন্য দেশের একজন মন্ত্রীকে কটাক্ষ করলে আমার দেশের নাগরিককে বন্দি করা অনৈতিক
ওরে ফাঁসিতে ঝুলিয়ে মৃত্যুদণ্ড দেওয়া হোক!
দেশটা মনে হচ্ছে ভারতের অংগরাজ্য হয়ে গেল এদেশের কিছু দালাল নেতাদের কারণে
"কোলকাতায় দেয়ালে, পোষ্টারে মোদিকে নিয়ে অনেক বাজে কথা ও লেখা দেখেছি,"
দেশের মানুষ আজ রোহিঙ্গাদের চেয়ে ও অনিরাপদ
- নরেন্দ্র মোদি বাংলাদেশ পুলিশের দুলাভাই লাগে.... বইনরে বিয়া দিয়া রাখছে মনে হয়
- কিছু কইলেই পুলিশের গায়ে লাগে...
কোন দেশে বসবাস করছি আমরা!!
এর তীব্র নিন্দা জানাই
"বাহ আইন বাহ, অন্য দেশের প্রধানমন্ত্রীর জন্য নিজের দেশের ছেলেকে আটক"
আজব দেশে আছি আমরা!
অন্য দেশের প্রধানমন্ত্রীকে
কিছু বললে পুলিশে ধরে।
তেলের তলে বাংলাদেশ স্বাধীনতা ডুবে গেছে আর ভারত সেই তেলের উপর রুটি ভেঁজে খায়.
মদ খায় একজন আর মাতাল হয় আর একজন
"দালালরা ছাড়া সাবাইতো মুদি বিরোধী,অন্ধরা কি বুজে না।।"
স্বাধীনতা তুমি এখন ক্ষেতের লাউ
Khod varoteo eta hoy kina amar jana nai...
যে জুতার বারি খাওয়ার যোগ্য সে জুতার বাড়ি খাবেই। মামলা হামলা করে কোন লাভ নাই। যত যা কিছুই কর মোদির জন্য জুতা রেডি বাংলার জনগণের কাছে।
সংবিধানে ব্যক্তিগত মত প্রকাশের অনুমতি থাকলেও বাস্তবে তার উল্টো
"মূতখোর নরেন্দ্র মোদি করে ধর্মীয় রাজনীতি, ধর্মীয় রাজনীতি কতটা ভয়ংকর মুদি কে দেখলেই বুঝা যায়, অার অামাদের কিছু হুজুগে উগ্রবাদী মৌলবাদীদের মধ্য অনেক মিল রয়েছে, যার যার সীমার মধ্য থাকা উচিত, অন্য দেশের ইসু নিয়ে নিজের দেশের ভাবমূর্তী নষ্ট করা, এই সব ধর্ম… See more"
"পুরা বিলা।মুদি কে খারাপ কিছু বলা জাবে না। সে একজন বাংলাদেশ প্রেমি,সে বাংলাদেশে আসবে এটা বাংলাদের জন্য সৌভাগ্য।"
অতিরিক্ত করতাছে একদিন এর বিচার পাবে।
মনে হয় ওই পুলিশ ভারতের এজেন্ট
একটা দেশের প্রধানমন্ত্রীকে যারা অপমান করতে পারে তারা নিজ দেশের প্রধানমন্ত্রীকে অপমান করবে এদের বিচার চাই ফাঁসি চাই
মোদিকে নিয়ে স্বয়ং ভারতীয় রাও কটাক্ষ করলে ওখানে কিছু হয়না।
দেশে ভূমিকম্পের আশঙ্কা দেখা দিয়েছে।
জামাই কে নিয়ে বাজে কথা বললে যে কেউই রেগে যাবে। কেউ আবার জানতে চাইয়েন নাহ কার জামাই!!!
"ভালোই তো! ডোনাল্ড ট্রাম্পকে নিয়ে তাহলে যেই পরিমাণ ট্রল সারাবিশ্বের মানুষ করেছে, তাতে তো অন্তত কয়েক লাখ লোক কারাবন্দী হওয়ার দরকার ছিলো।"
"বাংলাদেশের বিমানবন্দর থেকে ভারতীয় গোয়েন্দা সংস্থা সবাইকে দেখিয়ে দেখিয়ে পত্রিকায় নিউজ করে মানুষ তুলে নিয়ে যেতে পারে,… See more"
কিছু দালাল আছে খাটি সরিষার তেল খুজতাছে মোদীর সোনায় মালিশ করার জন্য
আমার ভাই তুমার ভাই
মুদি সালা সুদির ভাই … See more
"যে বিজেপির মন্ত্রী গুলো আমিত শাহ সহ সব মন্ত্রী গুলো বাংলাদেশকে নিয়ে কতুক্তি করেছে, বাংলাদেশ দখলের কথা বলেছে তাদের বিরুদ্ধে সরকার তো কিছু বলেনি? আর তাদের মোদিকে নিয়ে বলেছে তাই জেলে দিয়েছে এই দেশের জনগণ কি ভেসে এসেছে?"
সিরয়ার আসাদ হতে চাই এই দেশের সরক… See more
আল্লাহ!! কিছু দিনে আগে আমি জু বাইডেনকে কটাক্ষ করেছিলাম
অতি সত্বর ছাড়ার আহ্বান করছি।
আহ গুজরাটের কসাইয়ের জন্য বাংলাদেশের প্রশাসনের কতো দরদ
কেন্দ্রীয় সরকার এর মাননীয় প্রধানমন্ত্রী কে নিয়ে অপমান জনক কিছু লিখলে গ্রেপ্তার তো করতেই হবে !!!
"নামেই স্বাধীন দেশ, সবাই পরাধীন"
আমরা ২৬মার্চ স্বাধীনতা দিবস পালন করবো
বাংলাদেশকে ভারতের অঙ্গ রাজ্য ঘোষনা করার জোড় দাবি জানাচ্ছি
কতো জন আটকাবে। চলুন আমরাও ইমান এর পরিহ্মা দিয়ে দিয়। সবাই কুটাক্ত করি দেখা যাক ওরা কতোজন কে ধরে রাখতে পারে
"গনতান্ত্রিক দেশ হিসাবে সমালোচনা করতে ই পারে, তাকে এরেস্ট করা মানে একনায়কতন্ত্র"
মনে হচ্ছে আমরা ভারতের অঙ্গ রাজ্যের নিপীড়িত জনগণ
যে দেশের ৮০% মানুষ ভারত বিরোধী কত জনকে অাটক করা সম্ভব
"আইনের আওতায় নেওয়া হক,"
এমনটা কাম্য নয়।
ও তো সামান্য
হাজার গুণ বেশি করেছে মামুনুল হক ওকে আগে গ্রেপ্তার করা দরকার
এই আটকের তীব্র নিন্দা ও প্রতিবাদ জানাই
নিঃসন্দেহে এটা স্বাধীনতার উপর হস্তক্ষেপ।
আমরা কি ভারতের অন্তর্ভুক্ত কোন করদ রাজ্যের নাগরিক!!!
This is really too much
দেশটা মুদির নয়
শেখ হাসিনার জামাই কে নিয়ে কিছু বলবেন না
শুধু মোদি বিরুদ স্ট্যাটাস দিছে তাতেই গ্রেফতার অথচো ভারতেই মোদির ফটো ঝুলাইয়া জুতা পেটা করে তার কন কিছুই করতে পারেনা বাংলাদেশের পুলিশ অনেক বড় মুদি ভক্ত হেডম হইয়া গেছে মনে হচ্চে মুদির অবইধো সন্তান
পুলিশ নিজেই আইন ভঙ্গ করেছে।
"আজব ব্যাপার! আমাদের নিজেদের প্রধানমন্ত্রীর হাজারো সমালোচনা করছে জনগন,আর অন্য দেশের প্রধানমন্ত্রীর সমালোচনা করা যাবে না?"
"যা কিছুই করুক,, অার যতই নিজে অাইনের নামে জনগনকে নির্যাতন করুক, শেষ একদিন হবেই,, এই অবের্ধ সরকার"
আমরাতো ইন্ডিয়ান
"ওহ সরি, ইন্ডিয়াতে মোদীকে নিয়ে কত্ত সমালোচনা- কটাক্ষ হয়...অথচ তাদের কিছুই হয়না!!"
এই নরেন্দ্র মোদী কেই চিনতে পারছিনা।।সে কি চিড়িয়াখানার প্রাণী
আরেকজনের গোয়ায় হাত দিছে দেইখা এই অবস্থা যদি নিজের গোয়ায় হাত দিতো তাহলে কি অবস্থা হইতো
কিছু বলার নাই দেশের মানুষ সবাই বোকাচোদা
হামলা মামলা দিয়ে মুসলমানদের দমিয়ে রাখা যাবেনা
শুধু সরকার প্রধান ছাড়া সবাই মোদি বিরোধী। অামরা ভারতের জনগোষ্ঠীর বিরোধী নয়।
বাংলাদেশ এর ইতিহাসে একটি নতুন ন্যাক্কর জনক ঘটনা
এ দেশের মানুষেরবাকস্বাধীনতা কি নেই
বাহ খুব চমৎকার এবং রোমান্টিক খবর
স্বামী স্ত্রীর নামে কিছু বলা যাবে না
দেশ আজ বিশ্ব বেহায়ার খপ্পরে!
মতপ্রকাশের স্বাধীনতা কিলবিল করছে।
এটা মোগো ঠাকুরগাঁও এর পোলা
দেশে একতরফা আইন চলছে?
আমাদের দশটা বিক্রি করে দিয়েছ
বিকাশদা দালালী কম করেন।
কেন্দ্রীয় সরকারের প্রধানমন্ত্রীকে কটাক্ষ করা মোটেও উচিত হয়নি
"আটক তাতেই BBC......
কেমন জানি হাসি পেলো"
ভারতের দালালি এখন বেনজির আহমেদরা বাংলাদেশের জনগণের কর্মকর্তা হয়ে ও শুরু করেছেন। যা চরম নিন্দনীয় ও পা চাটামি।
"মুসলমানদের কলিজা আমাদের নবী কে কটাক্ষ করলে তার বিচার হয়না,"
আর জালিমের কটাক্ষ করলে তার বিচার..
"বাহ,"
আটককৃত লোকটিকে দিল্লি কোর্টে পাঠানো হোক। আর আমাদের কে ভারতের নাগরিকত্ব দিন।
"পুলিশ কি বাংলাদেশের ছিলো, না ভারতীয় পুলিশ ছিলো।"
মানবাধিকার বলেও একটা কথা আছে
Taholea dasher sabai k atok Korea na kan
Dasher mejority person to mudi berodhe
কালো আইনের বাংলাদেশ
"অথচ স্বয়ং ভারতেই মুদিকে নিয়ে প্রতিদিন কটাক্ষ হচ্ছে। মুদিজী আপনি দেখে যান, ভারতের থেকেও বাংলাদেশ আপনার জন্য বেশি নিরাপদ।"
জয় মুদিজী....
একটা কিশোর কে আটক করা হল!
কটাক্ষ করবে কেন? সরাসরি বলা উচিৎ ছিল। মোদী একটা নিম্নমানের মানুষরুপী খুনী।
"ভারতের বেশির ভাগ মানুষ নরেন্দ্র মোদীকে কটাক্ষ করতে পারে এবং তা তিনি সয্য করেন,এটাই গনতন্ত্রের সৌন্দর্য। আমেরিকায় ট্রাম্পের নগ্ন মুর্তি তার শাসন কালেই আমরা দেখেছি।"
দেশ নিয়ে বড় ষড়যন্ত্র হচ্ছে তারই প্রমাণ এগুলি
এতে পুলিশের বাপের কি হয়েছে? নাকি মোদী পুলিশের বা...... লাগে; তার জন্য পুলিশের জ্বলে।
আচ্ছা
আমাদের দেশের রাষ্ট্র প্রধান টা কে
"মোদীকে কটাক্ষ করার কারণে যদি বাংলাদেশের মানুষ গ্রেপ্তার হয়,সীমান্তে হত্যার কারণে মোদীর কি হওয়া উচিত"
কিশোর কে গ্রেপ্তার এর তিব্র নিন্দা জানাই!!!
Kothay asi amra hayra Bangladesh
মানুষকে মানুষ বলে আর জানোয়ারের জানোয়ার তাই জানোয়ারে বলেছে তার তো অপরাধ নয়
এই সরকার ভারতের দালাল।
Kire vai Ami o bolchi Tahoe amk dhorben naki
এই দেশের আইন শুধু মাত্র সরকারি দলের লোকদের জন্য
অথচ স্বয়ং ভারতেই মোদি বিরোধী স্লোগান হয়।
মত প্রকাশের স্বাধীনতা না থাকলে যা হয়
ওসব পুলিশ মুদির অবৈধ সন্তান!
26তারিক মদি বাংলাদেশ আসতে পারবে না ইনশাআল্লাহ
ওকে ৩ বার ফাসি দেওয়ার দাবি রইল
জামাইকে কিছু বললে বউয়ের তো জ্বলবেই!!
অন্য দেশের প্রধানমন্ত্রীকে নিয়ে ফেসবুক স্ট্যাটাস দিলে কি বাংলাদেশ পুলিশ তাকে আটক করতে পারে?
এমন কি কোন আইন আছে?
নাকি চামচাগিরি চলতাছে?
ওকে মুক্তি দেওয়া উচিৎ
হিরক রাজার দেশে সবই সম্ভব ....
এটা কোন ভাবেই কাম্য নই
সুদেনা মা**
"ঘরবাড়ি ভাঙ্গে,"
শুরু হয়ে গেছে আগ্রাসন।
মানুষ হইবার আগেই সাম্প্রদায়িক হয়ে গেলে আর মানুষ এ ফিরে আসা হয়না। তাই এদের হয় কর্নভার্ট করতে হয়। নয়তো ড্রাইভার্ট।।
"এই ভাবে খুজতে থাকলে পরে বাংলাদেশের জেলে জায়গা হবেনা,"
ইন্ডিয়ার জেলে মানুষ পাঠানো লাগবে
eai desh a mamunul hok k gali deya jabe na....gali dile hamla hobe...but hindhu somaj k..r modi k gali dile problem nai...
জালিমদের ধংশ অনিবার্য।
এই পোস্টে যারা হাহা রিয়েক্ট দিয়েছেন তারা নিশ্চিত জামাত শিবিরের লোক! তাদেরও আটক করা হোক!?
"কি ভাবে, কি বলে কটাক্ষ করছে একটু খোলাসা করা দরকার।।"
জামাইকে কটুক্তি করলে কনে পক্ষ শাস্তি দিতেই পারে।
পত্যেক দেশে মানুষের বাক স্বাধীনতা কে বোবা বানানোর ষড় যন্ত্র করছে।
এখন থেকে আর বলা জাবেনা আমাদের বাংলাদেশ। এখন বলতে হবে ভারতের বাংলাদেশ সেই দিন আসে গেছে।
দাজ্জাল মোদিকে বাংলাদেশের মানুষ জুতা পিটা দিবে ইনশাআল্লাহ।
নিউজটা পুরো পড়ে কমেন্ট করা উচিত আর বিবিসি সস্তা জনপ্রিয়তা না বাড়িয়ে পুরো তথ্য অনুযায়ী শিরোনাম করা উচিত ছিল
যখন বাংলাদেশের মানুষকে উইপোকা বলে তখন তোদের জলেনা কেনো?এখন কসাই কে কিছু বললে তোদের এতো সমস্যা হয়।
এই জন্যই আমি সেফুদা কে নিয়া কিছু বলি নাই পরে পাবলিক বলবে আমি সেফুদাকে কটাক্ষ করে কথা বলছি জেলে যেতে হবে।
মুদি সেট মুজিব এর মামার ছেলে তথা সেট হাসিনার মামাত ভাই।
গুজরাটের হিন্দু মুসলমানদের দাংগায় সরাসরি জড়িত ছিলেন নরেন্দ্র মোদী।যেটার কারনে বিশ্বের বেশ কয়েকটি দেশ উনার ভ্রমণ নিষেধাজ্ঞা জারি করেছিল।এমনকি উনি প্রধান মন্ত্রী হওয়ার পরেও কিছু দেশ সেটা বলবত রেখেছিল।আমার প্রশ্ন উনাকে নিয়ে অন্য দেশের লোক সমালোচনা করলে বি… See more
Apnara police ra kotojon ke arreste korben. 16 koti jonota ke. Hm....
কত বড় দুঃসাহস আমাদের জামাই বাবু কে নিয়ে কটাক্ষ
এতদিন যা শুনেছি তা মনে হয় সত্য হতে চলেছে
মোদি আর হাসিনার সম্পর্কটা তাহলে..........।
Amra kon Deshe bas kori
Bangladesh needs uprooting awami jahiliat
এইডা কোনো কথা? এগুলো নির্যাতনের সর্বোচ্চ লেভেল।
বেশির ভাগ গালাগালির কমেন্ট কারীদের লেখায় বানান ভুল অশুদ্ধ বাক্যগঠন ভারতীয়রা এগুলো বুঝার কথা না।
"আমরা আমাদের বাক স্বাধীনতা হারিয়ে ফেলেছি,,,,,মনে হয়,,,"
পুলিশের আব্বা লাগে ভারতের প্রধানমন্ত্রী
কোন দেশে বাস করছি বাংলাদেশে নাকি ভারতের অঙ্গরাজ্যে?
"জয় হিন্দ
। রাষ্ট্র ভাষা হিন্দি চাই"
দুইটা বিশেষ জাতের একমত
কি চমৎকার
"লজ্জা থাকলে সে নিজেই বলবে,,,যাবো না৷ আর যদি নাককাটা হয়,, জুতা মারলেও ইজ্জতের কিছুই হবেনা৷"
"ভারতে মোদিকে শকটাক্ষ করে পোষ্ট দিলে এমন হয় না,,,, অথচ,,,,,,"
মোদির গুমুত্র খাওয়া সন্তান এইদেশে ভরে গেছে
সে যদি পাকিস্তানের প্রধানমন্ত্রীকে কটাক্ষ করতো তাহলে??
প্রতিবাদের ভাষা সালিন এবং মার্জিতও হতে পারে।
কথা না জানলে না বলাই ভাল।
তাহলে এক কুকুরের চেলে নোবেল সেইতো মোদি কে গালি দিচিলো তখন।চোদন শিখাও
জেলে যায়গা হবে তো??
স্বামীর সম্মান বলে কথা
সাব্বাশ বা.পু (বাংলাদেশ পুলিশ)
"এটা কোনো অপরাধ হলো,"
স্বাধীন দেশ উগ্র ধর্মান্ধ যে কিনা এই দেশের নাগরিক না তার জন্য দেশের মানুষের উপরে অত্যাচার।
"লক্ষ লক্ষ মানুষ বিরোধিতা এবং ট্রল করছে। একজন কে ধরে লাভ কি, পারলে সবাই রে ধরেন।"
জালিমরা তোমাদের অপর গজব নাজিল করুক
"বুঝিনা দেশটা কি জনগণের, নাকি মোদির।"
কে যেন বলেছিল ভারত বাংলাদেশের সম্পর্ক স্বামী স্ত্রীর মতো ।
ভারতের দুই গালে জুতা মারো তালে তালে তালে তালে তালে
দুলাভাই বলে কথা!!
তাকে কটাক্ষ করে কথা বলা কি মানায়??
অনেকেই আবার বলবে বাকস্বাধীনতা আছে এ দেশে
"বাংলাদেশের এই সরকার দুনিয়ার সবচেয়ে বাঝে সরকার, যে কিনা অন্য দেশের লোকের জন্য নিজ দেশের নাগরিকদের রোহিঙ্গা বানিয়ে ফেলতেছে...!"
এখন মতামত প্রকাশের স্বাধীনতা নিয়ে তোদের কোনো চুলকানি দেখা যাবে না।
"মুদি কি সেই পুলিশের দুলাভাই? হতে ও পারে কারন অনেক হিন্দু ভাই তো বাংলাদেশে চাকরি করে । আদা, গাদার বাধার কারনে তো প্রতিবাদ বন্ধ হবে না ।"
Khaitaca Bangladeshar
Dalali koran Indiar
Lojja o kora na
বাংলাদেশের আর কিছু পারুক বা না পারুক মামলা করতে সময় লাগে না
বাপ দাদারা এজন্যই কি দেশটা স্বাধীন করেছিলো যে অন্য দেশের এক কসাইকে নিয়ে মন্তব্য করলেও জেলে যেতে হবে?
#বাকস্বাধীনতা_ফেরত_চাই
ইসলাম ধম' ও আলেম ওলামা নিয়ে সমালোচনা ছাড়া সব ব্যাপারে বাক স্বাধীনতা চাই
রিয়াকশন শুরু হয়ে গেছে। এবার হবে আসল খেলা।
Madir dui gale juta maro tale tale...modi ogrobadi jongi sontarase bahinir prodan...modi bangladesh ahsa mane ogrobadi der posroy diya...
ভারত পুলিশের বাপ লাগে তো
স্বাধীনতা শেষ। াআমরা দেশের অভ্যন্তরে বন্দী
Kolkatay modir against e bolle mamla hoy na.
Bangladesh Bharat anga rajya hte dosh kothay
"পা চাটার একটা লিমিট আছে,"
কিন্তু আফসোস আমাদের দেশে এটাও নেই
এখানে তো রাজনীতির কিছু নেই ধরপাকর একটা আলগা পিরিতি
ভারতের চাকর-বাকরা রাষ্ট্রক্ষমতায়
অন্য দেশের প্রধানমন্ত্রীকেও কটাক্ষ করা যাবেনা এটা কোন আইনে আছে?
Who is Narendra Modi?
ও আচ্ছা গুজরাটের কসাইকে কটাক্ষ করাও যাবে না??
তাহলে দেশটা কসাই মোদির??
"কসাই হঠাও,দেশ বাঁচাও।"
"বিবিসির তো খুশি হবার কথা ! আব্বারে নিয়া কটাক্ষ করে গ্রেফতার ,আজকে বিবিসির আর আওয়ামীলীগের ঈদের দিন"
স্বয়ং এই সরকার ভারতের দালাল
সুবর্ণজয়ন্তীতে মোদিজীর জন্য শ্রেষ্ঠ উপহার
আহারে বাক স্বাধীনতা
"এতে এমন কি অপরাধ করেছে, ,নিজের দেশে নিজের কথা বলার স্বাধীনতা কেড়ে নিয়েছে শেখ হাসিনা সরকার."
কিন্ত কোলকাতায় তো গালির বন্যা বয়ে যাচ্ছে ইলেকশনকে সামনে রেখে
মোদির পশ্চাৎদেশ দিয়ে বাশ দেয়া হোক
"নরেন্দ্র মোদি কি তর বাপ লাগে,"
মোদি কে কিছু বললে তর জলে কে।
তাতে এই দেশের পুলিশের সমস্যা কি?
এই হচ্ছে স্বাধীন দেশ এই হচ্ছে গনতান্ত্রিক দেশ অভাগ হই এই সব সুনে
সময়ে আসলে এই পুলিশ রাজাকারদের দেশ সারতে হবে
ক্ষমতায় যারা আছেন তারা সব.........
"মোদির 2 গালে জুতা মারো তালে তালে,,,,"
এখন কি আমিও জেলে যাব??
এরই নাম স্বাধীনতা।
"দেশটা দালালে ভইর
‍
্যা গেছে।"
Eta kun oporad
ভারতের অঙ্গরাজ্য হতে আর বেশী সময় নাই
কটাক্ষ বলতে কি সে মিথ্যা বলেছেন নাকি অন্যায়ের প্রতিবাদ করা কি অপরাধ
Kew amare mairala re Aida ki sunlam hahhah.... Bangaldesh base ekhn Hobe indesh
মোদি তো আমাদের দেশের প্রধানমন্ত্রী না যে তাকে কটাক্ষ করলে জেলে জেতে হবে।
তাতে কি? এটা স্বাধীন দেশের একজন নাগরিক তার মত প্রকাশ করতেই পারে!
আর এতই যদি চুলকানি থাকে তাহলে এই যারা এত বাজে বাজে কমেন্ট করেছে সবাইকে গ্রেপ্তার করুক।
দেশের ভালো মন্দ সম্পর্কে একজন নাগরিকের মন্তব্য করা যাবে না??
"মুসলিম হিসেবে আমরা সবাই মুদির বিরুদ্ধে,,"
কয়জনকে আটক করবে...?
মোদী কি শেখ মুজিবরের ভাই নাকি?
"গতকালকে মদির প্রশাসনে বাংলাদেশিকে খুন করলো , সীমান্তে,,,,"
কি আজব এই দেশের স্বাধীনতা এই দেশের নাগরিক জেল খাটে ভিন্ন আরেকটি দেশের নাগরিককে নিয়ে ভিন্ন মতের মন্তব্য করার জন্য।
এই সালাকে গরম ডিম থেরাফি দেওয়া হোক
এটা কি বাংলাদেশ নাকি ভারতের বাংলা?
দেশে এখন মোদি তন্ত্র চলে
খুনিকে খুনি বললে অন্য খুনিদের গায়েত লাগবেই!!!!
"আহ্, স্বাধীনতার কি চেতনা??"
ইন্ডিয়ার এই প্রদেশে এটা স্বাভাবিক বিষয়
দেশ তো মোদির সে জন্য ই তাদের এতো লাগে... আবার একই সুতোয় বাধা।
"আশ্চর্য, কঠোর নিন্দা ও প্রতিবাদ জানাচ্ছি। নিঃশর্ত মুক্তি দেয়া হোক।"
"মোদি নিজেই একজন খুনি,খুনিকে খুনি বলাই স্বাভাবিক।"
হায়রে দেশ হায়রে শেখ হাসিনা।
"বাংলাদেশের মানুষ নরেন্দ্র মোদীকে সমর্থন করে না, ঘৃনার চোঁখে দ্যাখেন"
~বিবেক হারা জাতি!
জাতির অধিকারের সংগ্রাম বলে রাষ্ট্রদ্রহী
~মর্খ সমাজ
দেশ এখন ভারতের পা চাটা গোলাম হয়ে গেছে হাসিনা বুঝে গেছে ভারতের পা চাটামি না করলে টিকে থাকা যাবেনা
হায় হায় এত বড় স্পর্দা ছেলেটার। তুমার আপা যেখানে পা চাটতে পারে সেখানে তুমি গালি দাও কোন সাহসে৷
"তাদের বাবাকে কিছুই বলা যাবেনা!,,,,,,,, আর সবার বাবাকে যাবে।"
আমরা বাঙালি চামচামি তে উস্তাদ
এইগুলো তার প্রমাণ
আম্লিক মানে ইন্ডিয়া
"এইটাই হচ্ছে বাংলাদেশের ফ্রিডম অফ স্পিচ, আহা এটা নাকি স্বাধীন রাষ্ট্র।"
Its democracy of Bangladesh
ভারতের প্র্রধান এখন সে বাংলাদেশেরও প্র্রধানমনএী । দেশ এখন তারা চালায়
ভারতের সন্ত্রাসীর সমালোচনার দায়ে বাঙালি আটক। খবরটি চরম লজ্জার। তীব্র প্রতিবাদ জানাই।
এর জন্যই কি এ দেশ স্বাধীন হয়েছিল
"বুঝলামনা কি হচ্ছে এগুলো, কি শুরু করেছে তারা,"
"আমরা কি সাধীন বাংলাদেশে নাই নাকি,"
আমরা আমাদের মত প্রকাশ করতে পারি না?
সেন্ট্রাল ব্যাঙ্ক অব ইন্ডিয়া
"সোজা কথা হচ্ছে, গুজরাটের কসাইকে কটাক্ষ করা যাবেনা"
একজন কট্টর তো বাদই হিন্দু একজন নেতাকে বাংলাদেশ মুজিববর্ষে আমন্ত্রণ করা লজ্জাজনক ছি ছি ছি আওয়ামী
এতে অবাক হওয়ার কি আছে!!
আর এটাকে নিউজ করারই বা কি হলো!!… See more
ইহাকে বলে বাকস্বাধীনতা
"ইস সালারে,,,দেশটা জদি আব্বার সম্পত্তি হতো!"
"Modi mutro khor, original virus."
"সত্য বললেই কটাক্ষ তবে কি, সত্যকে জীবন থেকে নির্বাসনে পাঠাতে হবে!"
বাংলাদেশের ক্ষমতা তাহলে মোদির হাতেই। সরাসরি বলে দিলেই তো বিষয়টি সহজ হয়ে যায়।
"অনুভূতির ব্যাবসায় নতুন উদ্যোক্তা, ভালো না!? ভালোই তো।"
Ader bicar allah kothin babe korbe
এইজন্য যদি যুবককে আটক করা হয়ে থাকে তাহলে ভারতের দালালদের বিরুদ্ধে যুদ্ধ করতে আমাদের আর কোন বাধা নেই
এটা কেমন?
তবে কি মোরা বাংলাদেশে?
স্বাধীন দেশে কারো বিরুদ্ধে কথা বললেই আপরাধ তাহলে আমরা পরাধীন ভাল ছিলাম
"ভারতের দালালদের বিরুদ্ধে এক হও,"
"তাতে সমস্যা কোথায়
ভারতের পা চা টা মিডিয়া"
এটা বুজতে বাকি নেই কারা দেশ চালাচ্ছে।
এইটা কোনো কথা ওরে কটাক্ষ করছে তো কি হইছে।
Bah Bangladesh bah
"মোদির দেশের লোকেরাও তো তাকে নিয়ে ঠাট্টা করে, কই তারা তো গ্রেফতার হয় না"
ঐ লোক গুলো বোকা ছিলো
যারা দেশটা পাকিস্তান থেকে আলাদা করছে
আমিত কিছু করেনী চার বছর আগের ফেসবুক আইডি টা লক করেছে কেনো। আর লক কিভাবে খোলো আপনারা জানেন
এ কি অবস্থা দেশের?
শা/লা নরেন মুতির নামে কে কটাক্ষ করছে রে?
খুজ্জা পাইলে তারা চুমাইতাম
পুলিশ কিভাবে জানল? কেউ কি পুলিশের কাছে নালিশ করেছিল?
এই কোন কথা না ঘটনার পিছনে আরো ঘটনা আছে
ফেসবুকে বিটিভির মতো চাষাবাদের গল্প ছাড়া আর কিছু করার উপায় নেই আর .......
ডিজিটাল আইনে মামলা হবে নাকি?
"Amito
comment krsi. Amr ki hobe??"
উফফফফফ বুঝলাম না এটা কোনো কথা
গাঁয়ের জোরে সব চলছে
toh ki hoise? bangladesh er pm k toh r bole ni!
এটাকে ভারতের দেশ? যে তাকে নিয়ে কথা বললে গ্রেফতার হতে হবে? কোন আবালের দেশে বাস করছি? এজন্যই বুঝি স্বাধীন হইছিলাম?
যারা গ্রেফতার করচে তারা মুদির কু.......?
এই ছেলের জামিন না মনজুর করে ফাঁসি দেওয়া হোক
"বলতে পারবা, কিন্তু লিখতে পারবা না!"
একদম ঠিক হয়েছে
শেখ হাসিনার সরকার যা শুরু করসে তা মেনে নেয়ার মতো না
ভারতের প্রধানমন্ত্রী কে কটাক্ষ করলে বাংলাদেশের মানুষ গ্রেফতার হবে কেন???
এটা কি ভারত না বাংলাদেশ??
মুদী কী তোদের বাপ লাগে নাকি?যে তাকে নিয়ে কোন কথা বলা যাবে না।
পুলিশ কি বাংলাদেশের নাকি ভারতের। এটাই বুঝতে পারছিনা
এটা সংবিধান পরিপন্থী কাজ করেছে পুলিশ।
তোমাদের বাপদেরকে তো করে নাই?
৭০/৮০% মানুষ বিরুদ্ধে
সবাইকে জেলে ভরে দেন না কেন?
এটা কোন আইনে?? কারো স্বামীকে কটাক্ষ তাই?? মোদি ইসলামের দুশমন মনে করেই মুসলিম গন। তাদের ভুমিকে মোদির আগমের বিরুদ্ধি এটা তার ঈমানি দ্বায়িত্ব। মোদির মত ইসলামের দুশমন গুলি মুসলিম দের অত্যাচার ও মোদি আনতে তৎপর। এটা মুসলিম আর মুর্তাদের পার্থক্য।
এখন বসে বসে চুলকাবে আর ফসতাবে।
ভবিষ্যতে একবড় নেতা হবে।
"উহু, কি সাংঘাতিক ব্যাপার! ভাবা যাই?"
ইন্ডিয়ার দালালী করলেই সব মাফ ।
বাংলাদেশের স্বার্থের পক্ষে বললেই সাফ ।
মুসলমান হত্যাকারি কসাই মোদিকে এই দেশের ধর্মপ্রাণ মানুষ কখনোই মেনে নেবে না।
ভারতে মোদি কাটুন বানিয়ে পুরানো হয়ে সেখানে কিছু হয় না আর হায়েরে কি দেশে আছি আমরা
"আমরা সবাই মোহাম্মদের সেনা,,"
জেল হাজত ভয় করিনা..
এটা কি মুদির দেশ?কটাক্ষ করলেই কি
"গ্রেফতার করতে হবে, নাকি বিক্রি করে দিলেন দেশকে।"
কিশোর অপরাধ দিনদিন বেড়েই যাচ্ছে
তাকে কি কাঁটাতারে ঝুলিয়ে ফাঁসি দেয়া হবে!!
দেশ কে হাসিনা ভারতের হাতে তুলেই দিলো
ঠিইক ই আছে যারা গ্রেফতার করছে মোদি তাদের বাপ লাগে তাই গ্রেফতার সঠিক হয়েছে বলে মনে করি।
"মোদী, এতেও খুশি না?"
ডিম থেরাপি দেওয়া হোক
এতো দরদ কেনো মোদীর জন্য মনে হয় মা থেকে মাশির দোরর বেশি
"দেশটাই তো মোদির,,,,,হাসিনাকে দিয়ে চালাচ্ছে,,,,"
কুত্তারে কুকুর বলা কি অন্যায়?
গ্রেফতার করার কোনো মানে হয়না।
মুদী আবার কেডা?
বাংলাদেশ নামক ভারতের প্রদেশ থেকে সমবেদনা জানাচ্ছি।
মোদি বাংলা দেশে আসলে রক্তে বন্য বয়ে যায়বে
"কমেন্ট লিস্টে সবাই মোদিকে কটাক্ষ করতেছে, দেখি সবাইকে আটক করেন তো ? পারবেন না, কয়জনকে আটক করবেন"
নরেন্দ্র মুদি কি আমাদের আত্নীয় লাগে নি?
তোর বাব লাগে যে ওরে আটক করলি
"মামুনুল হককে কটাক্ষ করার অপরাধে সুনামগঞ্জে 500 বাড়িতে লুটপাট ও অগ্নিসংযোগ করে পুড়িয়ে ছাই করে দেওয়া কে সমর্থন করে বাংলাদেশের জনগণ, কিন্তু ভারতবর্ষের প্রধানমন্ত্রী কে কটাক্ষ করা কে সমর্থন করে বাংলাদেশের জনগণ
। এরা জেহাদি শিক্ষায় শিক্ষিত জামাতী বাহিনী … See more"
আমি তো পোস্ট টি পড়ে ফেলেছি। এখন কি আবার আমাকে গ্রেফতার করা হবে নাকি?
বাংলাদেশ থাকি নাকি ভারতে আছি?
একটা সন্ত্রাসীর বিরুদ্ধে পোষ্ট দিলেও এই দেশে পুলিশ আটক করে!
"বাহ্, ভারতের দালালরা বাহ্"
আহা সোনার বাংলা খাইয়া গেলো দালালে।
"মনে হচ্ছে মোদি শুধু ভারতের না, বাংলাদেশেরও প্রধানমন্ত্রী"
BBC বাঁশের কেল্লা. পেইজ টা ঘুরে আসুন তখন বুঝবেন মোদি বিরোধী আন্দোলন কাকে বলে
slara manus hbi kbe?
জরিনা তেতুল খাইলি লবন পাইলি কই
Husband is coming
হায়!! ভারতীয় মিডিয়া মোদী জী হায়! হায়! হায়! বলে স্লোগান তো প্রতিদিন শুনি!
পুলিশ জনগনে বন্ধু হতে পেরেছে প্রশ্ন.......?
ভারতীয় দালালে দেশ ভরে গেছে
আসলে কি আমরা গনতন্ত্রিক নাগরিক?
নরেন্দ্র মোদী কোন দেশের প্রধানমন্ত্রী?
কিশোর আটক কেন?
কসাইটার সম্মান আছে তাহলে??
Awami jongi lig akon BJP 2nd baccha hoiche. Ader poton onibarjo.
ভারত কি বাংলাদেশ কিনেছে?
দেশ টা কি ভারতের রাজ্য হয়ে গেলো?
এটা কি বাংলাদেশ না ভারতের আড্ডাখানা
জামাই মুদি এসে তার বৌকে তুলে নিয়ে যাবে এটা বললে কি ভুল হবে?
হুম তাগো বাপের বিরুদ্ধে বললে হেতে গো লগে পুলিশ ভাইরা ও তো কেপবই
"এই কথা কন না কেন,ঠিক কইছি না"
মোদির মত সাম্প্রদায়িক দাংগাবাজ কে নিয়ে হাজারবার কুটুক্তি করব।। কয়জনকে হাসিনা জেলে দিবে?
এদেশকে হিন্দুত্ববাদিদের কবল থেকে মুক্ত করার জন্য মুসলিম যুবকদের এখনই সতর্ক হওয়া প্রয়োজন।।
নরেন্দ্র মোদির জন্য সবাই নিজের মা কে বিক্রি করে দে কারণ দেশটাতো তোর বাপের
এগুলো কোন অসভ্যর মতো আইন
কোথাকার কোন নরেন্দ্র মোদী
ওর জন্য নাকি গ্রেফতার করছে… See more
আটক যুবক হয়নি
আটক হয়েছে দেশপ্রেম
হায়রে বাংলাদেশী মুসলিম তোমরা যদি জানতে ভারতের নরেন্দ্র মোদি কত বড় কসাই মুসলিম হত্যাকারী আর সে কি চায় তা যদি জানতে তবে আর বসে থাকতে না
ভারতের প্রধানমন্ত্রী বলা হচ্ছে কেন বাংলাদেশ কি ভারতের অংগরাজ্য নয়?
তাইলে কি আমারা ভারতের অঙ্গরাজ্য হিসেবে পরিনত হয়েছি?
মোদির কটাক্ষকারীদের আটক করলে বাংলাদেশে কোন লোক থাকবে না
মুদির বউ হাসিনা এটি আবার প্রমান হলো।
"আপনার যা খুশী বলতে পারেন কিন্তু পরে কি হবে আমি জানি না, নরেন্দ্র মোদী।।"
মোদির দালাল হটাও মাফিয়া লীগ হটাও দেশ বাচাঁও!!
শুরু হয়ে গেছে ইন্ডিয়ার দালাল সরকারের আসল রুপ দেখানো।
এটা কোন কথা হলো?
আইনের শাসন চলছে
এখন মুক্তিযুদ্ধ মঞ্চ কয় গেল?
কিশোরের ফাঁসি চাই।
বাহ বাহ রে ইন্ডিয়াী দালালরা আর কত কি করবে
"ভারতেও তো টেরোরিস্ট মোদি কে নিয়ে কিছু লিখলে পুলিশ এরেস্ট করে না,বাট বাংলাদেশে গ্রেফতার কেনো"
Who is he (modi)?
বাংলাদেশ পুলিশ মনে হয় মদির বতনে চলে।
ভয় দেখাচ্ছে যাতে কেউ উনাকে নিয়ে আন্দোলন না করে
Software from Israel
গরম ডিম থেরাপী হবে ১০০%
আর আমার নবীকে নিয়ে যখন কেহ মন্তব্য করে তখন তাকে তো এত তারাতাড়ি দরা হয় না।
বাক স্বাধীনতা মানে কী?
"কেউ জানলে জানাবেন,,,,,"
কান্ডারী বাংলাদেশ দেশ হাচিনার হাত ধরে ভারত হতে কতো দুর?
যারা আটক করেছে তাদের বাপ মনে হয় নরেন্দ্র মোদি?
তিনি কোন চেট যে তার বিরুদ্ধে কথা বলা যাবে না।
মোদি হলেন আল্লার ওলি ওনারে গালি দেওয়া যায় না।
মনে হয়না এই সরকার আর ক্ষমতায় থাকবে
", বাহ চমৎকার এসব বালচালের জন্য মুক্তি কামী জনতা যুদ্ধ করে দেশ স্বাধীন করেছিলো"
"তাতে কী !!!? , মোদি কি পুলিশের বাপ লাগেনি ? ।"
আটারো কোটি সবাই মোদি বিরুদী শুধু আওয়ামীলীগ ছাড়া
একে কটুক্তি করার কি আছে ও তো এক হিন্দু মৌলবাদী ভাড়!
পুলিশকে বল
"আমি মোদিকে ভরে দিব,,,,,,,,"
",,… See more"
"কোন আইনে আছে, নরেন্দ্র মোদীকে কটাক্ষ করা যাবে না??"
এখন ডিম থেরাপি দেওয়া হোক
ওই গ্রামে ভাংচুর করা উচিত ছিলো
এইটাই মুক্তিযুদ্ধের চেতনা? গরধব দল সব
ইন্ডিয়ান লোকে সাড়াবছরেই বাংলাদেশেকে গালি দিচ্ছে
কই একদিন ত নিউজে দেখলাম না বাংলাদেশের প্রধানমন্ত্রীকে গালি দেওয়ার কারনে গ্রেপ্তার।
"কুকুর, জানুয়ার, তেলবাজ ও চামচারা ছাড়া আমরা সবাই সুস্থ ও মানবিক মানুষ ঐ খুনি-জালিম মোদি বিরোধী।"
শুকরদের থুক্কু আওয়ামিলীগদের চো...দ....নে কথা বলাও মুশকিল!
মোদিকে হাসিনার হো'গার ভেতর ভরে দেবো।
শালাকে শশুর বাড়ি আসতে দাও।
দিল্লির দাঙ্গার দায়ভার যদি মোদির হয়।
তবে বাংলাদেশের হিন্দু অত্যাচারের দায়ভার কার?
কি বলবো। বললে দোষ।
না বললে সোনার সন্তান।
পান থেকে চুন কসলেই ভারত বিরোধী স্লোগানে রাস্তায় নেমে যাও। তুমাদের এই স্বভাবের কারণেই আজ সিমান্তে বি.এস.এফরা বাংলাদেশিদের মারছে।
এই হত্যা কান্ডের জন্য তোমার/ উগ্রপন্তিরা দায়ী। তোমরা ভুলে যাও বাংলাদেশের সবচেয়ে কঠিন সময়ে ভারত বাংলাদেশের পাশে ছিল। লাকো শর… See more
কেন নরেন্দ্র মোদী কি আপনাদের বোনের জামাই নাকি!!
"এত জ্বলে কেন একটা কাফের, ইহুদি দালালকে নিয়ে কথা বললে।"
"কটুক্তির মানে কী? গুজরাটের কসাই, উগ্র-হিন্দু সাম্প্রদায়িক নরাধম মুদি যে একটা জঘন্য দাঙ্গাবাজ সন্ত্রাশী সেটা গোটা দুনিয়া জানে। মার্কিন যুক্তরাষ্ট্রে তার বিরুদ্ধে মামলা হয়েছিলো গ্রেপ্তারী পরোয়ানা ছিলো গুজরাটে মুসলিম গণহত্যার মুল আসামী হিসাবে। গুগলের সন্ত… See more"
"বাংলাদেশ ভারতের অঙ্গরাজ্য হল কবে? Fazlul Haque Babu ভাই, ভারতে ও তো নরেন্দ্রমোদি কে গালি দিলে তার কোন শাস্তি হয় না, অথচ বাংলাদেশে?"
ছি ছি লজ্জা আজ এই দেশের জন্য!
"যেখানে ভারতেই মোদিকে নিয়ে কটুক্তি করা যায়। সেখানে বাংলাদেশে মোদিকে নিয়ে কটুক্তি করা যাবে না। এটা তো হতে পারেনা, এভাবে চলতে পারে না। এসবের পরিবর্তন দরকার এবং পরিবর্তন হবেই সেটা ফরজ হয়ে গেছে"
গণতান্ত্রিক দেশ স্বাধীনতার ৫০ বছর পুর্তি উৎযাপন করবে নিজ দেশের জনগনকে জেল জুলুম আর মামলা দিয়ে। এটা জাতীর জন্য কলংক জনক বিষয়।
সীমান্তে আমার দেশের মানুষ মারে আর আমরা তাদের সম্পর্কে কিচ্ছু বলতে পারবো না! বাহ স্বাধীনতা বাহ!!
আমার বাংলাদেশ আজ অভ্যন্তরীন নাগরিকদের সম্মান ছাড়াও ভীন দেশের নাগরিকের সম্মান নিয়ে সচেতন। ইনশাল্লাহ এই বাংলাদেশ ১দিন গোটা বিশ্বের সবার নিরাপত্তা ও সম্মানে দায়িত্ত পালন করবে। শুভকামনা রইল কুওাদের জন্য
বিএসএফ সীমান্তে বাংলাদেশিকে মারলে তার কোন জবাব দিহিতা নেই। সেই বাংলাদেশে মোদিকে কটাক্ষ করলেই গ্রেফতার। আমাদের সরকার দেশের নাগরিকের জীবনের থেকে অন্য দেশের নাগরিকের সন্মান কে প্রাধান্য দেয় বেশি।
বিএসএফ সীমান্তে বাংলাদেশিকে মারলে তার কোন জবাব দিহিতা নেই। সেই বাংলাদেশে মোদিকে কটাক্ষ করলেই গ্রেফতার। আমাদের সরকার দেশের নাগরিকের জীবনের থেকে অন্য দেশের নাগরিকের সন্মান কে প্রাধান্য দেয় বেশি।
পশ্চিমবংেগ নির্বাচন সারাদিন মানুষ মোদিকে লাইভ TV চ্যানেল এর সামনে গালাগালি করে কোন মামলা হয় না।আর আমাদের মার চেয়ে মাসির দরদ বেশী।
"জাতি হিসেবে আমরা অধম। নেপালীরা সব দিক থেকে দুর্বল কিন্তু জাতীয়তার হিসেবে আমাদের থেকে হাজার হাজার গুন উপরে। নিজের প্রতি ঘৃনা হয়। কালকে ও একজন মারল সীমান্তে, অথচ আমরা তাকেই বরণ করছি।"
পশ্চিমবংেগ নির্বাচন সারাদিন মানুষ মোদিকে লাইভ TV চ্যানেল এর সামনে গালাগালি করে কোন মামলা হয় না।আর আমাদের মার চেয়ে মাসির দরদ বেশী।
পশ্চিমবংেগ নির্বাচন সারাদিন মানুষ মোদিকে লাইভ TV চ্যানেল এর সামনে গালাগালি করে কোন মামলা হয় না।আর আমাদের মার চেয়ে মাসির দরদ বেশী।
"আমরা তো দেখছি দিন দিন ভারতের অঙ্গরাজ্য হয়ে যাচ্ছি। আর এসব নেতাদের নিয়ে তো সারা বিশ্বেই মানুষ কটাক্ষ করে। আজ পর্যন্ত শুনলাম না কোন দেশে এসবের জন্য কাউকে শাস্তি পেতে। ট্রাম্প, পুতিন, শি জিং পিং, এদেরকে ও নিয়ে অন্যদেশের মানুষ ট্রোল করে কই কাউকে গ্রেফতার ক… See more"
"যেখানে মোদির নিজের দেশে মোদিকে কার্টুন বানিয়ে পেটানো হয় , সেখানে কেউ গ্রেপ্তার হয় না কিন্তু স্বাধীন দেশে হয়!"
তীব্র নিন্দা জানাই এবং একজন কুখ্যাত খুনি সস্ত্রাসীকে নিয়ে কথা বলায় কিশোর কে গ্রেপ্তার করা হয়েছে দুঃখজনক। আজ বাংলাদেশ উলটা পথে হাটছে। বাংলাদেশ ভারতীয় গোলাম নয় যে মাথা নিচু করে থাকতে হবে। সরকার প্রধান মাথা নত কিন্তু জনগণ নয়। মনে রাখতে হবে ক্ষমতার দাপট দা… See more
দেশটা কি তাহলে ভারতের দখলে চলে গেলো।যেখানে নিজ দেশের শাসকের সমালোচনা করা অধিকার আছে।সেখানে অন্য দেশের শাসককে সমালোচনা করলে গ্রেফতার হতে হয়।স্বাধীন হয়েও আমরা আজ পরাধীন
কিছু কুলাঙ্গার ছাড়া বাংলাদেশের সমস্ত মানুষ মোদির আগমন বিরোধী
।
বুজলাম না ! শেখ মুজিবকে সমালোচনা করলেও জেল আবার শেখ মুদিকে সমালোচনা করলেও জেল ! হাসিনার কী দুই বাপ্ ?
মুজিব-মুদি দুই বাপ্
কিছু বললেই হাসুর ঠাপ!
"অচিরেই জালিমরা জানতে পারবে, তাদের প্রত্যাবর্তনস্থল কোথায় হবে।’ (সুরা : শুআরা, আয়াত : ২২৭)"
চলার স্বাধীনতা বলার স্বাধীনতা কলমের স্বাধীনতা সব কেড়ে নিল এই অবৈধ সরকার।
বঙ্গবন্ধুর মত আবারও স্বাধিনতার ডাক দেওয়া ছাড়া মানুষের মুক্তি হবে না আর।
"আমরা তো দেখছি দিন দিন ভারতের অঙ্গরাজ্য হয়ে যাচ্ছি। আর এসব নেতাদের নিয়ে তো সারা বিশ্বেই মানুষ কটাক্ষ করে। আজ পর্যন্ত শুনলাম না কোন দেশে এসবের জন্য কাউকে শাস্তি পেতে। ট্রাম্প, পুতিন, শি জিং পিং, এদেরকে ও নিয়ে অন্যদেশের মানুষ ট্রোল করে কই কাউকে গ্রেফতার ক… See more"
নরেন্দ্র মোদি খুব ভাগ্যবান কেননা নিজ দেশ ভারতে কটাক্ষ করলে কাউকে গ্রেফতার করা হয়না কিন্তু বাংলাদেশে করা হয়
"ট্রাম্পকে নিয়ে দেখলাম আমেরিকা আর ব্রিটেন কত অপমান জনক কার্টুন, লেখালেখি করছে । কাউকে আটক করতে দেখি নাই। দালালি আর চেতনা কি পর্যায়ে গেলে অন্য দেশের প্রধানমন্ত্রীর জন্য এদেশের নাগরিক কে আটক করা হয়।চিন আর হংকং এর অবস্থায় বাংলাদেশ কে নিয়ে গেছে আওয়ামী… See more"
বাংলাদেশ ভারতের অঙ্গ রাজ্য হতে আর বাকি নেই ।
ভাল ই নাটক চলছে দেশ নিয়ে ।
দেশটা ক্ষমতাসীনদের আর আমরা সাধারণ জনগণ হচ্ছি রোহিঙ্গা জনগোষ্ঠীর মত ।
"বেয়াদব বাংলাদেশী নাগরিক দের এটা মনে করিয়ে দিতে চাই।মোদি ভারতের প্রধানমন্ত্রী,বাংলাদেশে তার কোন প্রকার ক্ষতি করার চেষ্টা হলে,পুরো বাংলাদেশ কে তার চরম মূল্য দিতে হবে।"
"জাতি হিসেবে আমরা অধম। নেপালীরা সব দিক থেকে দুর্বল কিন্তু জাতীয়তার হিসেবে আমাদের থেকে হাজার হাজার গুন উপরে। নিজের প্রতি ঘৃনা হয়। কালকে ও একজন মারল সীমান্তে, অথচ আমরা তাকেই বরণ করছি।"
বিবিসিকে ফার্স্ট টাইম ধন্যবাদ দিলাম এমন একটি সংবাদ উপস্থাপন করার জন্য
বিরোধী করার পূর্ণ অধিকার রয়েছে ।।
অবিলম্বে সেই কিশোরকে মুক্তি দেওয়া হোক।।
Bangladesh police working against human rights .
"কটাক্ষ দেশের প্রতিটি মানুষই করেছে। কারণ, তিনি কটাক্ষ করার মতো কাজ করে বেড়াচ্ছেন।"
মাদার অপ মাফিয়া হযরত হাসিনার অবৈধ স্বামী কুখ্যাত গুজরাট কশাই মোদির আগমনে আওয়ামী লীগ এর ঘরে ঘরে আনন্দ উল্লাস চলছে তাদের বাবার আগমন বলে কথা
ধিক্কার এই জালেম সরকার কে যে সরকার মানুষের কন্ঠ রোধ করতে দেশের নাগরিক এর উপর জুলুম করে।
"লও ঠেলা
বিশিষ্ট সুফি সাধক ও কট্টর সৈরস্বাষক নরেন্দ্র মোদি,তার বিরুদ্ধে কথা বলা মহাপাপ
।"
"একজন রাষ্ট্র প্রধান কে ,সন্মান দিতে না পারা ,একটি রাষ্ট্রের দুর্বলতা কেই নির্দেশ করে"
রাষ্ট্র এখন দালালদের হাতে জিম্মি
কোটি কোটি সালাম এই বীর কে। কত জন আটক করবে? আওয়ামী লীগ ছাড়া পুরো দেশটা ই মুদির আগমনে বিরোধীতা করছে
মোদিরে পূজা করা প্রতিটা আওয়ামিলীগের জন্য ফরজ।
এদিকে নবীরে নিয়ে কথা কইলে জেল। ওইদিকে মোদীরে নিয়ে কথা কইলে জেল। এত কষ্ট না কইরা জাকারবার্গ রে জেলে ভরলে হয় না। এসবের জন্য তো সেই দায়ী।
নরেন্দ্র মোদি খুব ভাগ্যবান কেননা নিজ দেশ ভারতে কটাক্ষ করলে কাউকে গ্রেফতার করা হয়না কিন্তু বাংলাদেশে করা হয়
শেখ হাসিনাকে আবেদন করব এইসব কুকুরদের যেন সিরিয়াসলি না নিতে।
আসলে শিক্ষাটাই পচনশীল ধর্মের।
সম্মানিত মানুষকে নিয়ে কটাক্ষ করলে জেল জরিমানা করা অবশ্যই উচিত
বাংলাদেশকে অতি তাড়াতাড়ি ভারতের ৩০তম অঙ্গরাজ্য হিসেবে ঘোষণা করা হোক
দেশটা মনে হয় ভারতের হয়ে গেলো
ঐ পুলিশ গুলো বড় দালাল। তারা পুলিশ নামের পিচাস
খালেদা আর তারেকের বিরুদ্ধে স্ট্যাটাস দিলে অন্তত একটা চাকরি পেত! বেচারা
AI POLIS O AI SARKAR NAMROD AR PAT ATTA NAMROD AR DOSAR
কত জন আটক করবে? আওয়ামী লীগ ছাড়া পুরো দেশটা ই মুদির আগমন বিরোধী
"দুইদিন পরে ইজরায়েল প্রধানমন্ত্রী নিয়েও সমালোচনা নিষিদ্ধ হবে। বা-হা স্বাধীন বাংলাদেশ, সিকিম হতে আর কত দেরি"
"বাংলাদেশের পরমবন্ধু মোদি'জিকে বাংলাদেশেই কটাক্ষ করে, কার এতো বড়ো দুঃসাহস?"
এরা হচ্ছে মোদির যোগ্য সন্তান
Karon modi hasinar jamai lage tu....desh ta india er hathe tulay ditay r baki kiso nai.
Modi cha ala ata to sotti tai na
সেই ২৬ মার্চ তখন ছিলো পাকিস্তান এবার হবে ভারত।
প্রস্তুত থাকো
AI SARKAR K PACHA DIYA BAS DOKAITAY HAIBAY
বিনামূল্যে ভ্যাকসিন নিয়ে বড় বড় কথা!!!!!
কত জন আটক করবে? কিছু চেমচিটি ছাড়া পুরো দেশটা ই মুদির বিরোধী।
রাজপথে যে গত শুক্রবার জুতাপেটা করলো তখন কই ছিল তোমাদের এই আইন।
আহারে গনতন্ত্র!!!!
এটাও নিশ্চয় উনার স্বপ্ন ছিল।দেশটা নির্লজ্জদের হাতে পড়ে নষ্ট হয়ে গেছে।
দারুন। যত মোদী বিরোধী আছে এদের ১৪ শিকের ভেতরে নেয়া হোক।
এই অভিযুক্তের ফাঁসি চাই।
কেন যে বরপক্ষের নরেন্দ্র চুদীকে কটাক্ষ করে লোকে
"গুজরাটের কসাই ,,"
"যার হাতে হাজারো মানুষের রক্ত ,,"
সে যেই হোক ঘৃণার পাত্র
আরে ভাইরে কুকুরে কি লজ্জা আছে নাকি মোদি হলো সেই কুকুর আসেব ।
হিন্দুত্ববাদের আগ্রাসন শুরু।
এইদেশে একদিন আ.লীগের যায়গা হবে না সেইদিন খুব কাছে
এইসব ভয় দেখিয়ে এখন আর লাভ নেই মদি ভারতের প্রধানমন্ত্রী বাংলাদেশের নয়
বাহ্ বিজেপি লীগের রাজার জন্য লীগেরা অনেক কিছুই করতে পারে। আল্লাহ জানেন মানুষ টার শরীরে কলিজাটা আছে কি না
Felani hottar jonno Kake dhorbe
বোঝাই যাচ্ছে দেশের প্রশাসন দিল্লির অধীনে চলে গেছে।
অথচ সয়ং ভারতেই মোদীকেকে নিয়ে কটাক্ষ করা যায়! 2
দেশ তুমি কার?
V
নরেন্দ্র মোদি কি বাংলাদেশের মালিক যে তাকে নিয়ে কিছু বলা যাবে না। বাংলাদেশ পুলিশ হচ্ছে নিকৃষ্ট জানোয়ার।
Very good
হায় রে বাংলাদেশ
Ami oo korlam jalem sorkar. Khuni modi
জামাইবাবু বলে কথা!!
খুবি হতাশা জনক খবর
পুলিশক জুতা পিটানু হউক
He ia a social freedom fighter
হাসিনা মুদির বড় বোন
জয় মুদি দাদু
ভারতকে দিয়ে দিবে বাংলাদেশ
কি চলছে দেশে.??
Souparna Gangopadhyay কতো ভালোবাসা
Ccc hasina
এইগুলা কি হচ্ছে এই দেশটাতে
Full pagal
চু ি অরে
মুদি একটা কসাই
মুসলমানের দুশমন
শালার ফাঁসি দিয়া দেন
বাহ্
"মুক্তি দাও, দিতে হবে"
"আমাদের দুলাভাই বলে কথা,"
"বীর সন্তান,"
আহ বাংগালি
জয় বাংলা মোদী জি ক শামলা
Bahhhhh!!!
Firawnerr sasson colce
আল্লাহ্ মাফ করো
Amar sonar Bangladesh
"রিউমার ১০০%,"
মানে ভারতের অঙ্গরাজ্য বানিয়েই দিল বুবু
ভয়ংকর দুঃখ জনক
আমারা স্বাধীন হবো।
ইনশাআল্লাহ।
আইসিটি মামলাটা কি মোদি জি নি করেছে....
Bizzare !!
নরেন্দ্র মোদী মাদার..... দ
কসাই সন্ত্রাসী
জয় মোদী
দারুন
জয় বাংলা
কতজনকে আটকাবেন
আমাদের দেশটা কি বাংলাদেশ।।।।
good
মোদি হল আওয়ামীলীগ কের বাপ
Good
এটাই দালাললীগ
পুলিশের মারে সোত
বাংলাদেশ রক্ষা করতে হলে খুব দ্রুত একটা সুস্পষ্ট নির্বাচন দরকার।
দেশ বাচাও মুদি হাসিনা হটাও।
Ah
"ভারতের অঙ্গপ্রদেশ,,, বাংলাদেশ"
Shame......
মুদি কষাই।
पेट्रोल डीजल गैस के जरिए हो रही वसूली पर पर्दा डालने के लिए
महाराष्ट्र का वसूली ड्रामा !!
#ये_पब्लिक_है_ये_सब_जानती_है
Mafia government
আর কিছু
বাহ!!
Modi kotta.
জোক্স
যে আটক করেছে মুদি তার চৌদ্দ গুস্টির বাপ হয়!
কসাই এর ও মানসম্মান আছে
সে জন্য তাকে গ্রেফতার করতে হবে
স্বাধীনতার ৫০ বছর
বাক স্বাধীনতা হরণ করা হচ্ছে
Rip Sonar Bangla
আহা!
Ara indian police
পা চাটা গোলাম ।
"ছি হাসিনা,,,, ছি,ঘৃণা জানাই তোদের"
অাওয়ামীলিগের মেইন লিডার হচ্ছে মুদি।
"মাফিয়ারা,"
দেশটা কি মদির
এটা ঠিক নয়
#মোদীহটাও
মোদি তোদের বাপ লাগে তো
জয় ভোট চোর পুলিশের জয় !
এই পন করলুম মোদি স্যারকে নিয়ে আর কোন কমেন্ট নয়।
বাক স্বাধীনতার প্রকাশ
Sad
ছি ছি ছি
""
তীব্র নিন্দা জানাই
ccccccccc
Good
ওকে ছেড়ে দাও
ভালোই হয়েছে
বিবিচিরা সফল
Welcome modi
সমস্যা কি এটাতো তার গনতান্ত্রিক অধিকার
তিব্র নিন্দা জানাই
লজ্জা!
Modi nastik
এটাকেই গনতন্ত্র বলে।
শাস্তি হোক কঠিন
মার ছে মাসির দরদ বেশি
এমন তো অনেকেই করেছে কতো জনকে গেরেফতার করবে পুলিশ
মোদী কন চেড়ের বা.......ল
"এটা কি মগের মুল্লুক নাকি,,,,,,ভারতের প্রধানমন্ত্রীকে গালি দিলি তার মায়ের সমস্যা কি,,,,,মুদি কি হেতার বাপ নাকি,,,,আর আমার দেশে আমি কাকে গালি দিবো,, না দিবো তাতে পুলিশের সমস্যা কি,,,এতে বুঝা যায়,, পুলিশের অনেক সংখ্যক লোক ভারতীয়,,,,,এটার মাশুল একদিন শেখ হ… See more"
আজব আইন
আরো করবে
আমাদের সবাইকে এখন মোদি বিরোধী স্ট্যাটাস দেওয়া উচিত....
তীব্র নিন্দা জানাই।
লে হালুয়া
স্বাধীনতার সুফল!
থেরাপি শুরু করেন
এটাই হলো আমাদের বাংলাদেশ
মুদি কি বাংলার পিতা নাকি। তারে নিয়ে কথা বলবেনা বলবে কে নিয়ে।
Shame hasina
পুলিশের গুস্টি মার
"জাতীয় বিশ্ববিদ্যালয়ের সকল নোটিশ, আপডেট তথ্য, পরীক্ষার নোটিশ এবং জাতীয় বিশ্ববিদ্যালয় সংক্রান্ত সকল সেবার জন্য নিচের গ্রুপে জয়েন করুন... https://www.facebook.com/groups/872015646965977/?ref=share"
বয়কট মোদি
Mr Narendra Modi terrorist
"ভাই আজকা থাইকা FB ছাইরা দিত্তি,, না জানি কবে আবার আমার উপর মামলা হামলা হয়
বিদায় ফেসভুক"
সাবাস সাবাস ভারতের পাচাটা গোলাম রা
লজ্জিত রাষ্ট্রে পরিণত হচ্ছি অামরা।
তোদের ধংশ হওয়ার সময় এসে গেছে। ইনশাআল্লাহ
আহ্
সরকার মোদি প্রেমে দেউলিয়া হয়ে গেছে!!!!
তিব্র প্রতিবাদ জানাই
"মুদি মাদারসোদ মুদি মাদারসোদ,,,"
নির্লজ্জ মোদি...
পুলিশ কি এদেশের না কি ভারতের
যে সমস্ত পুলিশ তাকে আটক করেছে ঐ থানা ঘেরাও করে পুলিশকে গণধোলাই দেওয়া হোক
চাটুকার রা আর কি করবে
mudi chudina
গ।।।
গুজরাটের কসাই কে?
রেন্ডি প্রেমিরা খুব খুশি
স্বাধীনতার ৫০ বছরের অর্জন
মোদি একটা খুনি।আমাকে ও এরেষ্ট কর।
O acca
মোদিরে জুতা মার
দালালের বাচ্চা
"ছেলেটার স্টাটাস টা দেখেছি, আসলে তেমন কিছু লিখে নাই,গনতান্ত্রিক একটা দেশে যে কারো বিরুদ্ধে লিখার অধিকার থাকা উচিত শুধু মাত্র স্পর্শ কাতর বিষয় গুলো ছাড়া।মোদিই যে একটা সাম্প্রদায়িক দাঙ্গা বাজ ব্যক্তি সেটা পৃথিবীর কে না জানে!"
Haire...
চরম নিন্দা এবং প্রতিবাদ জানাচ্ছি
ছি
লজ্জিত বাংলাদেশ
"নরেন্দ্র মোদীকে শুধু কটাক্ষ করলে হবে না"""""""" নরেন্দ্র মোদী কে জনসম্মুখে জুতাপেটা করা উচিত।"
এটাই হওয়া উ‌চিৎ
এরা ভারতীয় এজেন্ট!
অতি দ্রত ছেড়ে দেওয়া হক ।
Suru kheir
মোদী একজন সাম্প্রদায়িক সম্প্রীতি বিনষ্টকারী দাংগাবাজ খুনী।।
যে পুলিশ গ্রেফতার করেছে সেও কুলাংগার আর যে হুকুম দিছে সেও তার চেয়ে বড় কিছু।
"আমরা এখন ভারতে বাস করি,, জয় ভারত।"
Go back modi
এটি লজ্জাজনক
দাঙ্গাবাজ!
"SHAME,,,,,,SHAME"
Chutia bengaldeshi police
আহ কি আইনরে।
Good Disition
হায়রে সোনার দেশ!
ওরে সালা মদির চামচা
এটা কোন দেশ
বাহ
মুদি বাংলাদেশে এসে দাঙ্গা সৃষ্টি করতে চায়
খুবই দুঃখজনক
আটক আদেশ চরম অন্যায়
"জংগী মুদীকে নিয়ে বাংগালী চিন্তিতো,"
RIP গনতন্ত্র ।
Gujob
গণতন্ত্রর মারে ছুদি
সাম্প্রদায়িকতা।
যাই হোক অবশেষে তাহলে তো আমরা ভারতের অঙ্গরাজ্য হয়ে গেলাম ।
Again so sad
চিন্তার বিষয়
আর কতো
ha ha ha
W t f
মত প্রকাশের স্বাধীনতা হরনের অন্যান্য উদাহরণ।
bustard Modi
Democracy and free speech is now a joke
জয় বাংলা
জয় হিন্দ
গোলাম সরকার
মগের মুল্লুক
আহারে দেশ!!!!!!!
এটা কি ধরনের ফাজলামো
আজব......
মদির মায়রে টুট টুট....
মোদি ইসলাম বিদ্বেষী...… See more
Aro koto kesu dakbo
God
মগের মুল্লুক
দুঃখজনক এটা নাকি একটা স্বাধীনদেশ
দেশের কি হাল।
পুকিমা ভাবি লো।
তার মানে মোদী এখন বাংলার ও প্রধানমন্ত্রী
কত বড় সাহস আমাদের প্রধানমন্ত্রী নমোদর মোদীকে কটাক্ষ করে স্ট্যাটাস।
"i fuck
system of Bangladesh"
মন্তব্য করতে ভয় লাগে
তাতে এ দেশের প্রশাসনের কি
এটা অনুচিত ।
জি হুজুর
এ দেশটা কি ভারতের অঙ্গরাজ্য
এটা অন্যায়......
Unacceptable decision
তো কি হয়েছে
যতদিন পর্যন্ত এই মাফিয়া তন্ত নিপাত না যাবে।
"জনগণ এইভাবে আটক খুন, গুম হবে।"
#boycott_bangladesh
Mudi dokani
হঠাও মোদী
ফাসি চাই
জালেমর বিচার একদিন হবেই হবে
তাকে যারা আটক করছে সেইসব মোদিপুএকে কে জানাই মোদিমূএ শুভেচ্ছা।
ছি ছি প্রশাসন
এ কেমন সাধীনতা
বাংলাদেশের প্রধানমন্ত্রী নরেন্দ্র মোদি
আইনের যথাযথ বাস্তবায়ন হোক
চেতনার বালে আগুন লাগছে
আহা স্বাধীন দেশ
আমরা কত অসহায় যে মত প্রকাশ করতে পারি না।
Dr. Asif Nazrul
ভুয়া সংবাদ
মুলা ঝুলানো স্বাধীনতা আজ সবার সামনে পরিষ্কার। ৭১ এ মুক্তিযোদ্ধ বাঙালী শুরু করলেও বিজয় চুরি করেছে ভারত।
সেক্টর কমান্ডার মেজর এর কিছু লিখাঃ-… See more
""
জেলে জায়গা আছে তো
This is really bad .
বাক স্বাধীনতা হরন হচ্ছে
"সাব্বাস,"
আমিও দিয়েছি।
হটাও মুদি বাঁচাও দেশ
এটা কি গনতন্ত্র।
উনি বড়ো উগ্রপন্থী
Seriously!!!!!! FFS.
",খুবই হতাশার খবর এটা"
হাজারো সালাম এই বীর কে।
"মাফিয়াদের কি আইন ,,"
স্বাধীন দেশ—-
পুলিশের অতিরিক্ত চাটুকারিতা নরেন্দ্র মোদি কে ও লজ্জা দেয়
মাফিয়ার রাজ্যে পরিনিত হচ্ছে দেশটা
এইডা কোন কথা
সাহসী ভাই!
আল্লাহ সহায় হোক তার
দেশের জন্য দুঃখজনক
জয় হোক স্বামী স্ত্রীর
ata kono kotaha holo
এটা কি ইন্ডিয়া ?
দেশটা মগের মুল্লুকে পরিনত হলো
নেও কাও এখন সরকারি চালের ভাত
জয় ডিজিটাল আইন
জাতির দুলাভাই বলে কথা
বিবিসি মিথ্যা নিউজ করে। হেফাজত নিয়ে বারবার মিত্যা নিউজ করছে
দেশ তুমি কার
এটাই আমাদের দেশের স্বাধীনতা
মোদী কি বাপ হয় নাকি
চামচামির শেষ কোথায়
মার থেকে মাসির দরদ বেশি।
